跳过（尚无预测文件）：C.1 log1p runs/site_model_log1p
[画图数据] 03455000 纽波特 最大洪峰 起报2024-09-27 21时 锚 2653.29
  实测  3001.59  3341.39  3766.14  3907.72  3907.72  3794.46  3766.14  3794.46  3794.46  3766.14  3681.19  3567.92
  预报  2516.94  2293.13  2069.55  1900.53  1746.44  1619.56  1528.14  1455.64  1419.05  1382.63  1342.86  1323.83
  偏差     -16%     -31%     -45%     -51%     -55%     -57%     -59%     -62%     -63%     -63%     -64%     -63%
[画图数据] 03455000 纽波特 典型洪水 起报2024-05-10 09时 锚 436.08
  实测   424.75   407.76   396.44   382.28   370.95   362.46   351.13   342.63   334.14   325.64   319.98   314.32
  预报   425.30   415.75   405.31   396.10   388.37   386.12   385.34   379.46   380.25   380.50   382.02   376.80
  偏差       0%       2%       2%       4%       5%       7%      10%      11%      14%      17%      19%      20%
[画图数据] 03455000 纽波特 基流 起报2023-10-11 21时 锚 21.04
  实测    20.70    20.39    20.39    20.39    20.39    20.39    20.05    20.05    20.39    20.05    20.39    20.39
  预报    20.83    22.39    21.08    23.38    22.82    22.66    21.96    20.42    19.24    19.81    18.46    20.50
  偏差       1%      10%       3%      15%      12%      11%      10%       2%      -6%      -1%      -9%       1%
[画图数据] 03455000 纽波特 最大洪峰 起报2024-09-27 21时 锚 2653.29
  实测  3001.58  3341.39  3766.14  3907.72  3907.72  3794.46  3766.14  3794.46  3794.46  3766.14  3681.19  3567.92
  预报  2542.40  2420.71  2207.22  2020.90  1869.24  1838.36  1725.30  1566.02  1493.22  1433.55  1256.83  1248.27
  偏差     -15%     -28%     -41%     -48%     -52%     -52%     -54%     -59%     -61%     -62%     -66%     -65%
[画图数据] 03455000 纽波特 典型洪水 起报2024-05-10 09时 锚 436.08
  实测   424.75   407.76   396.44   382.28   370.95   362.46   351.13   342.63   334.14   325.64   319.98   314.32
  预报   424.99   424.40   414.17   403.89   395.58   376.95   383.04   372.32   367.77   365.83   361.86   350.73
  偏差       0%       4%       4%       6%       7%       4%       9%       9%      10%      12%      13%      12%
[画图数据] 03455000 纽波特 基流 起报2023-10-11 21时 锚 21.04
  实测    20.70    20.39    20.39    20.39    20.39    20.39    20.05    20.05    20.39    20.05    20.39    20.39
  预报    21.04    21.15    21.09    20.97    21.15    20.91    21.24    21.06    21.34    21.03    21.23    21.11
  偏差       2%       4%       3%       3%       4%       3%       6%       5%       5%       5%       4%       4%
[画图数据] 03455000 纽波特 最大洪峰 起报2024-09-27 21时 锚 2653.29
  实测  3001.59  3341.39  3766.14  3907.72  3907.72  3794.46  3766.14  3794.46  3794.46  3766.14  3681.19  3567.92
  预报  2597.30  2534.82  2457.67  2383.89  2306.72  2253.75  2200.87  2160.66  2120.74  2081.10  2048.95  2011.15
  偏差     -13%     -24%     -35%     -39%     -41%     -41%     -42%     -43%     -44%     -45%     -44%     -44%
[画图数据] 03455000 纽波特 典型洪水 起报2024-05-10 09时 锚 436.08
  实测   424.75   407.76   396.44   382.28   370.95   362.46   351.13   342.63   334.14   325.64   319.98   314.32
  预报   429.63   424.07   416.82   411.60   405.93   398.73   394.13   390.48   383.80   382.27   377.23   373.23
  偏差       1%       4%       5%       8%       9%      10%      12%      14%      15%      17%      18%      19%
[画图数据] 03455000 纽波特 基流 起报2023-10-11 21时 锚 21.04
  实测    20.70    20.39    20.39    20.39    20.39    20.39    20.05    20.05    20.39    20.05    20.39    20.39
  预报    20.88    20.65    20.95    20.54    20.79    20.89    21.07    20.60    20.94    20.93    21.69    22.00
  偏差       1%       1%       3%       1%       2%       2%       5%       3%       3%       4%       6%       8%
[画图数据] 03455000 纽波特 最大洪峰 起报2024-09-27 21时 锚 2653.29
  实测  3001.59  3341.39  3766.14  3907.72  3907.72  3794.46  3766.14  3794.46  3794.46  3766.14  3681.19  3567.92
  预报  2609.50  2577.58  2525.88  2485.90  2395.76  2341.93  2292.23  2248.77  2210.54  2181.25  2154.79  2142.80
  偏差     -13%     -23%     -33%     -36%     -39%     -38%     -39%     -41%     -42%     -42%     -41%     -40%
[画图数据] 03455000 纽波特 典型洪水 起报2024-05-10 09时 锚 436.08
  实测   424.75   407.76   396.44   382.28   370.95   362.46   351.13   342.63   334.14   325.64   319.98   314.32
  预报   430.14   423.08   415.91   410.30   404.54   401.13   392.65   387.67   383.38   382.56   378.37   372.16
  偏差       1%       4%       5%       7%       9%      11%      12%      13%      15%      17%      18%      18%
[画图数据] 03455000 纽波特 基流 起报2023-10-11 21时 锚 21.04
  实测    20.70    20.39    20.39    20.39    20.39    20.39    20.05    20.05    20.39    20.05    20.39    20.39
  预报    21.09    20.75    20.75    20.68    20.72    20.90    20.91    20.90    21.07    21.14    21.68    21.74
  偏差       2%       2%       2%       1%       2%       3%       4%       4%       3%       5%       6%       7%
[画图数据] 03455000 纽波特 最大洪峰 起报2024-09-27 21时 锚 2653.29
  实测  3001.59  3341.39  3766.14  3907.72  3907.72  3794.46  3766.14  3794.46  3794.46  3766.14  3681.19  3567.92
  预报  2650.32  2548.63  2490.67  2420.16  2349.06  2281.47  2231.16  2185.05  2154.20  2130.48  2126.98  2119.39
  偏差     -12%     -24%     -34%     -38%     -40%     -40%     -41%     -42%     -43%     -43%     -42%     -41%
[画图数据] 03455000 纽波特 典型洪水 起报2024-05-10 09时 锚 436.08
  实测   424.75   407.76   396.44   382.28   370.95   362.46   351.13   342.63   334.14   325.64   319.98   314.32
  预报   425.22   412.33   407.35   401.66   393.15   389.17   385.49   380.78   378.23   374.68   367.13   365.81
  偏差       0%       1%       3%       5%       6%       7%      10%      11%      13%      15%      15%      16%
[画图数据] 03455000 纽波特 基流 起报2023-10-11 21时 锚 21.04
  实测    20.70    20.39    20.39    20.39    20.39    20.39    20.05    20.05    20.39    20.05    20.39    20.39
  预报    21.08    21.23    21.29    21.07    21.45    22.01    21.57    21.35    21.69    22.19    22.61    22.39
  偏差       2%       4%       4%       3%       5%       8%       8%       7%       6%      11%      11%      10%
[画图数据] 03455000 纽波特 最大洪峰 起报2024-09-27 21时 锚 2653.29
  实测  3228.12  3058.22  2888.32  2786.38  2690.10  2599.49  2494.71  2406.93  2330.48  2248.36  2166.24  2078.46
  预报  3319.75  3268.32  3215.78  3162.36  3108.22  3053.60  2998.62  2943.38  2887.92  2832.26  2776.44  2720.49
  偏差       3%       7%      11%      13%      16%      17%      20%      22%      24%      26%      28%      31%
[画图数据] 03455000 纽波特 典型洪水 起报2024-05-10 09时 锚 436.08
  实测   407.76   396.44   382.28   370.95   362.46   351.13   342.63   334.14   325.64   319.98   314.32   308.65
  预报   413.60   403.57   394.67   386.96   380.40   374.87   370.27   366.44   363.84   362.91   362.36   361.38
  偏差       1%       2%       3%       4%       5%       7%       8%      10%      12%      13%      15%      17%
[画图数据] 03455000 纽波特 基流 起报2023-10-11 21时 锚 21.04
  实测    20.70    20.70    21.04    21.04    20.70    19.43    20.39    19.43    20.05    19.74    20.05    20.39
  预报    20.60    20.87    21.49    22.56    23.50    24.20    24.73    25.04    25.20    25.31    25.36    25.39
  偏差      -0%       1%       2%       7%      14%      25%      21%      29%      26%      28%      27%      25%
[画图数据] 03455000 纽波特 最大洪峰 起报2024-09-27 21时 锚 2653.29
  实测  3228.12  3058.22  2888.32  2786.38  2690.10  2599.49  2494.71  2406.93  2330.48  2248.36  2166.24  2078.46
  预报  3343.83  3319.31  3297.08  3277.56  3259.15  3240.99  3222.87  3204.82  3186.81  3168.92  3151.14  3133.60
  偏差       4%       9%      14%      18%      21%      25%      29%      33%      37%      41%      45%      51%
[画图数据] 03455000 纽波特 典型洪水 起报2024-05-10 09时 锚 436.08
  实测   407.76   396.44   382.28   370.95   362.46   351.13   342.63   334.14   325.64   319.98   314.32   308.65
  预报   417.72   410.97   404.56   398.52   392.85   387.49   382.39   377.49   373.38   372.25   369.71   364.97
  偏差       2%       4%       6%       7%       8%      10%      12%      13%      15%      16%      18%      18%
[画图数据] 03455000 纽波特 基流 起报2023-10-11 21时 锚 21.04
  实测    20.70    20.70    21.04    21.04    20.70    19.43    20.39    19.43    20.05    19.74    20.05    20.39
  预报    21.93    22.84    23.28    23.59    23.92    24.23    24.54    24.81    25.07    25.30    25.49    25.65
  偏差       6%      10%      11%      12%      16%      25%      20%      28%      25%      28%      27%      26%
[画图数据] 03455000 纽波特 最大洪峰 起报2024-09-27 21时 锚 2653.29
  实测  3766.14  3907.72  3907.72  3794.46  3766.14  3794.46  3794.46  3766.14  3681.19  3567.92  3369.70  3228.12
  预报  3495.86  3661.36  3844.13  4056.59  4290.30  4537.40  4791.44  5052.26  5323.81  5603.09  5886.11  6170.76
  偏差      -7%      -6%      -2%       7%      14%      20%      26%      34%      45%      57%      75%      91%
[画图数据] 03455000 纽波特 典型洪水 起报2024-05-10 09时 锚 436.08
  实测   302.99   297.33   294.50   294.50   291.66   286.00   279.20   273.26   268.44   262.50   258.53   252.87
  预报   299.45   293.88   288.15   282.56   276.81   271.08   265.33   259.70   254.15   248.76   243.47   238.33
  偏差      -1%      -1%      -2%      -4%      -5%      -5%      -5%      -5%      -5%      -5%      -6%      -6%
已写 D:\chengs\CAMS\experiments/forecast_step4\03455000_纽波特.png
[画图数据] 03454500 温泉镇 最大洪峰 起报2024-09-27 09时 锚 1228.95
  实测  1277.09  1328.06  1398.85  1548.93  1769.80  2064.30  2423.92  2814.69  3171.49  3596.24  3766.14  3511.29
  预报  1325.97  1419.22  1539.81  1718.68  1796.88  1875.01  1982.85  1972.80  2004.82  1920.88  1875.52  1813.19
  偏差       4%       7%      10%      11%       2%      -9%     -18%     -30%     -37%     -47%     -50%     -48%
[画图数据] 03454500 温泉镇 典型洪水 起报2024-01-09 21时 锚 705.09
  实测   787.21   809.86   790.04   761.72   736.24   705.09   671.11   648.46   614.48   597.49   560.67   540.85
  预报   744.43   723.83   694.99   687.26   639.10   614.56   581.93   567.96   540.25   509.95   477.89   461.06
  偏差      -5%     -11%     -12%     -10%     -13%     -13%     -13%     -12%     -12%     -15%     -15%     -15%
[画图数据] 03454500 温泉镇 基流 起报2023-11-03 09时 锚 18.86
  实测    18.86    18.86    18.86    18.86    18.86    18.49    18.12    18.12    18.12    18.49    18.12    18.12
  预报    18.34    19.15    18.80    19.43    19.35    18.97    18.55    18.56    18.65    18.74    18.94    19.29
  偏差      -3%       2%      -0%       3%       3%       3%       2%       2%       3%       1%       5%       6%
[画图数据] 03454500 温泉镇 最大洪峰 起报2024-09-27 09时 锚 1228.95
  实测  1277.09  1328.06  1398.85  1548.93  1769.80  2064.30  2423.92  2814.69  3171.49  3596.24  3766.14  3511.29
  预报  1316.92  1668.89  1932.79  2663.31  2181.90  2012.35  1876.89  1759.91  1715.78  1426.50  1325.42  1256.64
  偏差       3%      26%      38%      72%      23%      -3%     -23%     -37%     -46%     -60%     -65%     -64%
[画图数据] 03454500 温泉镇 典型洪水 起报2024-01-09 21时 锚 705.09
  实测   787.21   809.86   790.04   761.72   736.24   705.09   671.11   648.46   614.48   597.49   560.67   540.85
  预报   925.73  1123.44  1369.79  1545.10  1427.00  1280.97  1297.66  1093.25  1059.94  1037.33   957.53   881.74
  偏差      18%      39%      73%     103%      94%      82%      93%      69%      72%      74%      71%      63%
[画图数据] 03454500 温泉镇 基流 起报2023-11-03 09时 锚 18.86
  实测    18.86    18.86    18.86    18.86    18.86    18.49    18.12    18.12    18.12    18.49    18.12    18.12
  预报    18.84    18.88    18.96    18.70    18.88    18.69    18.85    18.66    18.77    18.65    18.73    18.61
  偏差      -0%       0%       1%      -1%       0%       1%       4%       3%       4%       1%       3%       3%
[画图数据] 03454500 温泉镇 最大洪峰 起报2024-09-27 09时 锚 1228.95
  实测  1277.09  1328.06  1398.85  1548.93  1769.80  2064.30  2423.92  2814.69  3171.49  3596.24  3766.14  3511.29
  预报  1256.81  1301.55  1338.96  1387.79  1413.52  1462.16  1511.95  1533.46  1554.99  1561.09  1534.05  1561.36
  偏差      -2%      -2%      -4%     -10%     -20%     -29%     -38%     -46%     -51%     -57%     -59%     -56%
[画图数据] 03454500 温泉镇 典型洪水 起报2024-01-09 21时 锚 705.09
  实测   787.21   809.86   790.04   761.72   736.24   705.09   671.11   648.46   614.48   597.49   560.67   540.85
  预报   755.66   771.41   766.17   744.28   703.90   671.25   630.99   595.64   555.20   523.72   486.44   461.28
  偏差      -4%      -5%      -3%      -2%      -4%      -5%      -6%      -8%     -10%     -12%     -13%     -15%
[画图数据] 03454500 温泉镇 基流 起报2023-11-03 09时 锚 18.86
  实测    18.86    18.86    18.86    18.86    18.86    18.49    18.12    18.12    18.12    18.49    18.12    18.12
  预报    18.68    18.60    18.77    18.66    18.59    18.86    18.83    18.63    18.47    18.46    18.57    18.66
  偏差      -1%      -1%      -0%      -1%      -1%       2%       4%       3%       2%      -0%       2%       3%
[画图数据] 03454500 温泉镇 最大洪峰 起报2024-09-27 09时 锚 1228.95
  实测  1277.09  1328.06  1398.85  1548.93  1769.80  2064.30  2423.92  2814.69  3171.49  3596.24  3766.14  3511.29
  预报  1276.08  1334.04  1327.50  1351.70  1341.43  1349.58  1373.53  1422.90  1401.18  1398.92  1387.26  1383.24
  偏差      -0%       0%      -5%     -13%     -24%     -35%     -43%     -49%     -56%     -61%     -63%     -61%
[画图数据] 03454500 温泉镇 典型洪水 起报2024-01-09 21时 锚 705.09
  实测   787.21   809.86   790.04   761.72   736.24   705.09   671.11   648.46   614.48   597.49   560.67   540.85
  预报   740.87   756.08   768.90   760.04   731.85   710.74   683.48   661.01   621.80   596.13   570.65   546.89
  偏差      -6%      -7%      -3%      -0%      -1%       1%       2%       2%       1%      -0%       2%       1%
[画图数据] 03454500 温泉镇 基流 起报2023-11-03 09时 锚 18.86
  实测    18.86    18.86    18.86    18.86    18.86    18.49    18.12    18.12    18.12    18.49    18.12    18.12
  预报    18.91    18.77    18.55    18.55    18.46    18.42    18.31    18.28    18.32    18.08    18.18    18.24
  偏差       0%      -0%      -2%      -2%      -2%      -0%       1%       1%       1%      -2%       0%       1%
[画图数据] 03454500 温泉镇 最大洪峰 起报2024-09-27 09时 锚 1228.95
  实测  1277.09  1328.06  1398.85  1548.93  1769.80  2064.30  2423.92  2814.69  3171.49  3596.24  3766.14  3511.29
  预报  1280.77  1238.46  1230.25  1207.46  1202.12  1173.93  1172.38  1170.46  1163.53  1178.20  1203.07  1200.39
  偏差       0%      -7%     -12%     -22%     -32%     -43%     -52%     -58%     -63%     -67%     -68%     -66%
[画图数据] 03454500 温泉镇 典型洪水 起报2024-01-09 21时 锚 705.09
  实测   787.21   809.86   790.04   761.72   736.24   705.09   671.11   648.46   614.48   597.49   560.67   540.85
  预报   749.00   713.10   688.77   670.88   634.39   587.91   556.88   521.86   485.29   462.08   444.06   438.89
  偏差      -5%     -12%     -13%     -12%     -14%     -17%     -17%     -20%     -21%     -23%     -21%     -19%
[画图数据] 03454500 温泉镇 基流 起报2023-11-03 09时 锚 18.86
  实测    18.86    18.86    18.86    18.86    18.86    18.49    18.12    18.12    18.12    18.49    18.12    18.12
  预报    18.52    18.67    18.58    17.97    18.64    18.99    18.69    18.30    18.75    18.79    19.08    19.02
  偏差      -2%      -1%      -1%      -5%      -1%       3%       3%       1%       3%       2%       5%       5%
[画图数据] 03454500 温泉镇 最大洪峰 起报2024-09-27 09时 锚 1228.95
  实测  1328.06  1398.85  1548.93  1769.80  2064.30  2423.92  2814.69  3171.49  3596.24  3766.14  3511.29  3398.02
  预报  1291.82  1314.55  1350.44  1395.15  1440.70  1491.53  1534.41  1552.35  1552.75  1544.27  1524.41  1489.23
  偏差      -3%      -6%     -13%     -21%     -30%     -38%     -45%     -51%     -57%     -59%     -57%     -56%
[画图数据] 03454500 温泉镇 典型洪水 起报2024-01-09 21时 锚 705.09
  实测    60.88    61.73    63.71    68.24    73.34    90.90   129.69   205.30   365.29   591.82   705.09   787.21
  预报    65.56    69.59    75.82    80.14    85.65    91.33    91.65    88.66    79.73    72.63    69.68    68.60
  偏差       8%      13%      19%      17%      17%       0%     -29%     -57%     -78%     -88%     -90%     -91%
[画图数据] 03454500 温泉镇 基流 起报2023-11-03 09时 锚 18.86
  实测    18.86    18.86    18.86    18.86    18.49    18.12    18.12    18.12    18.49    18.12    18.12    17.75
  预报    18.95    19.05    19.15    19.26    19.38    19.51    19.65    19.80    19.96    20.12    20.30    20.48
  偏差       0%       1%       2%       2%       5%       8%       8%       9%       8%      11%      12%      15%
[画图数据] 03454500 温泉镇 最大洪峰 起报2024-09-27 09时 锚 1228.95
  实测  1328.06  1398.85  1548.93  1769.80  2064.30  2423.92  2814.69  3171.49  3596.24  3766.14  3511.29  3398.02
  预报  1289.44  1313.85  1366.60  1446.59  1451.65  1413.18  1373.05  1332.39  1290.64  1248.68  1207.27  1166.50
  偏差      -3%      -6%     -12%     -18%     -30%     -42%     -51%     -58%     -64%     -67%     -66%     -66%
[画图数据] 03454500 温泉镇 典型洪水 起报2024-01-09 21时 锚 705.09
  实测    60.88    61.73    63.71    68.24    73.34    90.90   129.69   205.30   365.29   591.82   705.09   787.21
  预报    75.76    97.89   131.69   203.42   296.24   381.06   481.23   564.37   599.94   610.46   598.78   577.67
  偏差      24%      59%     107%     198%     304%     319%     271%     175%      64%       3%     -15%     -27%
[画图数据] 03454500 温泉镇 基流 起报2023-11-03 09时 锚 18.86
  实测    18.86    18.86    18.86    18.86    18.49    18.12    18.12    18.12    18.49    18.12    18.12    17.75
  预报    18.95    19.04    19.14    19.24    19.36    19.47    19.60    19.72    19.85    19.95    20.04    20.12
  偏差       0%       1%       1%       2%       5%       7%       8%       9%       7%      10%      11%      13%
[画图数据] 03454500 温泉镇 最大洪峰 起报2024-09-27 09时 锚 1228.95
  实测   849.51   874.99   900.48   914.63   940.12   976.93  1022.24  1087.37  1155.33  1228.95  1277.09  1328.06
  预报   853.36   851.80   854.36   865.44   892.11   943.30  1011.14  1113.08  1272.57  1472.08  1689.13  1875.91
  偏差       0%      -3%      -5%      -5%      -5%      -3%      -1%       2%      10%      20%      32%      41%
[画图数据] 03454500 温泉镇 典型洪水 起报2024-01-09 21时 锚 705.09
  实测   790.04   761.72   736.24   705.09   671.11   648.46   614.48   597.49   560.67   540.85   526.69   515.37
  预报   845.58   886.67   903.70   905.70   908.45   915.79   924.47   927.52   928.03   923.06   914.22   902.75
  偏差       7%      16%      23%      28%      35%      41%      50%      55%      66%      71%      74%      75%
已写 D:\chengs\CAMS\experiments/forecast_step4\03454500_温泉镇.png
[画图数据] 03453500 马歇尔 最大洪峰 起报2024-09-27 21时 锚 2670.28
  实测  2786.38  3199.80  3284.75  2888.32  2746.73  2622.14  2480.56  2406.93  2327.64  2251.19  2197.39  2143.59
  预报  2504.02  2240.67  1953.20  1744.99  1561.19  1416.29  1319.11  1244.20  1215.31  1184.91  1146.66  1127.01
  偏差     -10%     -30%     -41%     -40%     -43%     -46%     -47%     -48%     -48%     -47%     -48%     -47%
[画图数据] 03453500 马歇尔 典型洪水 起报2024-01-09 21时 锚 574.83
  实测   605.98   625.80   639.96   656.95   651.29   625.80   594.65   557.84   523.86   501.21   487.05   475.72
  预报   595.09   579.55   560.95   548.99   516.92   491.80   468.86   459.01   434.60   414.36   390.25   379.21
  偏差      -2%      -7%     -12%     -16%     -21%     -21%     -21%     -18%     -17%     -17%     -20%     -20%
[画图数据] 03453500 马歇尔 基流 起报2024-09-12 09时 锚 17.61
  实测    17.61    17.61    17.61    17.61    17.61    17.36    17.36    17.13    17.13    17.13    17.13    17.13
  预报    17.10    17.72    17.42    17.93    17.84    17.66    17.40    17.48    17.60    17.74    18.04    18.30
  偏差      -3%       1%      -1%       2%       1%       2%       0%       2%       3%       4%       5%       7%
[画图数据] 03453500 马歇尔 最大洪峰 起报2024-09-27 21时 锚 2670.28
  实测  2786.38  3199.80  3284.75  2888.32  2746.73  2622.14  2480.56  2406.93  2327.65  2251.19  2197.39  2143.59
  预报  2331.11  2119.36  1912.94  1663.06  1560.88  1478.23  1411.41  1285.95  1171.78  1151.74  1022.83  1029.65
  偏差     -16%     -34%     -42%     -42%     -43%     -44%     -43%     -47%     -50%     -49%     -53%     -52%
[画图数据] 03453500 马歇尔 典型洪水 起报2024-01-09 21时 锚 574.83
  实测   605.98   625.80   639.96   656.95   651.29   625.80   594.65   557.84   523.86   501.21   487.05   475.72
  预报   671.25   737.35   826.08   863.33   774.26   652.30   616.87   571.35   530.05   501.84   471.40   419.84
  偏差      11%      18%      29%      31%      19%       4%       4%       2%       1%       0%      -3%     -12%
[画图数据] 03453500 马歇尔 基流 起报2024-09-12 09时 锚 17.61
  实测    17.61    17.61    17.61    17.61    17.61    17.36    17.36    17.13    17.13    17.13    17.13    17.13
  预报    17.59    17.67    17.69    17.50    17.61    17.48    17.62    17.42    17.57    17.50    17.45    17.46
  偏差      -0%       0%       0%      -1%      -0%       1%       2%       2%       3%       2%       2%       2%
[画图数据] 03453500 马歇尔 最大洪峰 起报2024-09-27 21时 锚 2670.28
  实测  2786.38  3199.80  3284.75  2888.32  2746.73  2622.14  2480.56  2406.93  2327.64  2251.19  2197.39  2143.59
  预报  2597.61  2525.51  2441.12  2359.82  2271.39  2215.27  2154.39  2115.21  2072.62  2036.17  2004.64  1962.01
  偏差      -7%     -21%     -26%     -18%     -17%     -16%     -13%     -12%     -11%     -10%      -9%      -8%
[画图数据] 03453500 马歇尔 典型洪水 起报2024-01-09 21时 锚 574.83
  实测   605.98   625.80   639.96   656.95   651.29   625.80   594.65   557.84   523.86   501.21   487.05   475.72
  预报   584.23   576.77   558.68   540.00   507.55   493.23   473.50   456.51   430.69   419.74   397.48   393.91
  偏差      -4%      -8%     -13%     -18%     -22%     -21%     -20%     -18%     -18%     -16%     -18%     -17%
[画图数据] 03453500 马歇尔 基流 起报2024-09-12 09时 锚 17.61
  实测    17.61    17.61    17.61    17.61    17.61    17.36    17.36    17.13    17.13    17.13    17.13    17.13
  预报    17.46    17.38    17.54    17.42    17.36    17.63    17.67    17.47    17.29    17.30    17.43    17.48
  偏差      -1%      -1%      -0%      -1%      -1%       2%       2%       2%       1%       1%       2%       2%
[画图数据] 03453500 马歇尔 最大洪峰 起报2024-09-27 21时 锚 2670.28
  实测  2786.38  3199.80  3284.75  2888.32  2746.73  2622.14  2480.56  2406.93  2327.64  2251.19  2197.39  2143.59
  预报  2626.45  2591.96  2537.62  2486.31  2382.14  2315.69  2265.36  2221.11  2181.99  2156.80  2129.60  2115.06
  偏差      -6%     -19%     -23%     -14%     -13%     -12%      -9%      -8%      -6%      -4%      -3%      -1%
[画图数据] 03453500 马歇尔 典型洪水 起报2024-01-09 21时 锚 574.83
  实测   605.98   625.80   639.96   656.95   651.29   625.80   594.65   557.84   523.86   501.21   487.05   475.72
  预报   603.35   606.33   606.68   599.18   575.47   560.69   536.37   521.70   499.04   477.14   462.05   446.13
  偏差      -0%      -3%      -5%      -9%     -12%     -10%     -10%      -6%      -5%      -5%      -5%      -6%
[画图数据] 03453500 马歇尔 基流 起报2024-09-12 09时 锚 17.61
  实测    17.61    17.61    17.61    17.61    17.61    17.36    17.36    17.13    17.13    17.13    17.13    17.13
  预报    17.67    17.50    17.30    17.30    17.19    17.18    17.04    17.04    17.06    16.82    16.89    17.00
  偏差       0%      -1%      -2%      -2%      -2%      -1%      -2%      -1%      -0%      -2%      -1%      -1%
[画图数据] 03453500 马歇尔 最大洪峰 起报2024-09-27 21时 锚 2670.28
  实测  2786.38  3199.80  3284.75  2888.32  2746.73  2622.14  2480.56  2406.93  2327.64  2251.19  2197.39  2143.59
  预报  2666.27  2564.24  2505.01  2431.11  2360.18  2293.54  2245.51  2202.06  2174.62  2153.38  2150.94  2141.85
  偏差      -4%     -20%     -24%     -16%     -14%     -13%      -9%      -9%      -7%      -4%      -2%      -0%
[画图数据] 03453500 马歇尔 典型洪水 起报2024-01-09 21时 锚 574.83
  实测   605.98   625.80   639.96   656.95   651.29   625.80   594.65   557.84   523.86   501.21   487.05   475.72
  预报   621.80   591.67   564.73   543.00   514.48   475.65   453.24   428.16   404.05   386.30   377.46   370.49
  偏差       3%      -5%     -12%     -17%     -21%     -24%     -24%     -23%     -23%     -23%     -22%     -22%
[画图数据] 03453500 马歇尔 基流 起报2024-09-12 09时 锚 17.61
  实测    17.61    17.61    17.61    17.61    17.61    17.36    17.36    17.13    17.13    17.13    17.13    17.13
  预报    17.30    17.38    17.22    16.70    17.32    17.59    17.38    17.04    17.41    17.47    17.73    17.65
  偏差      -2%      -1%      -2%      -5%      -2%       1%       0%      -1%       2%       2%       3%       3%
[画图数据] 03453500 马歇尔 最大洪峰 起报2024-09-27 21时 锚 2670.28
  实测  1172.32  1282.75  1430.00  1642.38  1936.87  2237.03  2599.49  2916.64  2721.25  2610.81  2670.28  2786.38
  预报  1126.18  1155.26  1192.98  1235.36  1275.93  1323.31  1368.80  1394.53  1404.73  1402.14  1388.31  1364.96
  偏差      -4%     -10%     -17%     -25%     -34%     -41%     -47%     -52%     -48%     -46%     -48%     -51%
[画图数据] 03453500 马歇尔 典型洪水 起报2024-01-09 21时 锚 574.83
  实测    58.62    59.18    64.85    78.15   106.19   163.39   291.66   348.30   455.90   532.36   574.83   605.98
  预报    61.99    65.46    71.56    76.75    82.38    89.29    90.92    88.72    79.09    71.96    69.17    68.89
  偏差       6%      11%      10%      -2%     -22%     -45%     -69%     -75%     -83%     -86%     -88%     -89%
[画图数据] 03453500 马歇尔 基流 起报2024-09-12 09时 锚 17.61
  实测    17.61    17.61    17.61    17.61    17.36    17.36    17.13    17.13    17.13    17.13    17.13    17.36
  预报    17.67    17.73    17.80    17.87    17.95    18.03    18.12    18.22    18.32    18.43    18.54    18.66
  偏差       0%       1%       1%       1%       3%       4%       6%       6%       7%       8%       8%       8%
[画图数据] 03453500 马歇尔 最大洪峰 起报2024-09-27 21时 锚 2670.28
  实测  1172.32  1282.75  1430.00  1642.38  1936.87  2237.03  2599.49  2916.64  2721.25  2610.81  2670.28  2786.38
  预报  1107.60  1125.44  1168.89  1245.13  1249.58  1216.41  1181.47  1147.28  1112.42  1076.78  1041.21  1005.99
  偏差      -6%     -12%     -18%     -24%     -35%     -46%     -55%     -61%     -59%     -59%     -61%     -64%
[画图数据] 03453500 马歇尔 典型洪水 起报2024-01-09 21时 锚 574.83
  实测    58.62    59.18    64.85    78.15   106.19   163.39   291.66   348.30   455.90   532.36   574.83   605.98
  预报    69.81    87.21   113.03   172.20   248.60   322.82   414.03   493.98   534.52   552.08   546.59   529.37
  偏差      19%      47%      74%     120%     134%      98%      42%      42%      17%       4%      -5%     -13%
[画图数据] 03453500 马歇尔 基流 起报2024-09-12 09时 锚 17.61
  实测    17.61    17.61    17.61    17.61    17.36    17.36    17.13    17.13    17.13    17.13    17.13    17.36
  预报    17.75    17.90    18.05    18.20    18.34    18.47    18.60    18.72    18.82    18.90    18.95    18.99
  偏差       1%       2%       2%       3%       6%       6%       9%       9%      10%      10%      11%       9%
[画图数据] 03453500 马歇尔 最大洪峰 起报2024-09-27 21时 锚 2670.28
  实测  3284.75  2888.32  2746.73  2622.14  2480.56  2406.93  2327.64  2251.19  2197.39  2143.59  2081.29  2030.32
  预报  3343.07  3501.16  3684.66  3892.15  4114.25  4345.18  4581.43  4820.68  5065.30  5317.12  5577.88  5844.40
  偏差       2%      21%      34%      48%      66%      81%      97%     114%     131%     148%     168%     188%
[画图数据] 03453500 马歇尔 典型洪水 起报2024-01-09 21时 锚 574.83
  实测   639.96   656.95   651.29   625.80   594.65   557.84   523.86   501.21   487.05   475.72   470.06   467.23
  预报   638.59   645.06   643.56   633.42   614.27   591.72   569.04   548.49   530.84   512.62   492.87   472.20
  偏差      -0%      -2%      -1%       1%       3%       6%       9%       9%       9%       8%       5%       1%
[画图数据] 03453500 马歇尔 基流 起报2024-09-12 09时 锚 17.61
  实测    18.12    18.12    18.12    18.12    18.12    17.87    17.87    17.87    17.61    17.61    17.61    17.61
  预报    18.11    18.08    18.06    18.03    17.99    17.96    17.93    17.89    17.86    17.82    17.79    17.75
  偏差      -0%      -0%      -0%      -1%      -1%       1%       0%       0%       1%       1%       1%       1%
已写 D:\chengs\CAMS\experiments/forecast_step4\03453500_马歇尔.png
[画图数据] 03451500 阿什维尔 最大洪峰 起报2024-09-27 09时 锚 954.28
  实测   996.75  1050.56  1110.02  1189.31  1328.06  1478.14  1701.84  1939.70  2234.20  2574.00  2944.95  3143.17
  预报  1012.99  1076.87  1165.23  1281.14  1329.73  1372.57  1421.03  1405.35  1410.21  1353.03  1317.52  1278.47
  偏差       2%       3%       5%       8%       0%      -7%     -17%     -28%     -37%     -47%     -55%     -59%
[画图数据] 03451500 阿什维尔 典型洪水 起报2024-01-09 21时 锚 523.86
  实测   540.85   543.68   540.85   526.69   504.04   475.72   453.07   441.74   436.08   433.25   430.42   433.25
  预报   524.93   504.31   478.60   456.94   423.14   396.98   375.15   365.89   345.96   333.52   313.60   306.19
  偏差      -3%      -7%     -12%     -13%     -16%     -17%     -17%     -17%     -21%     -23%     -27%     -29%
[画图数据] 03451500 阿什维尔 基流 起报2023-10-26 21时 锚 12.86
  实测    12.86    12.86    12.86    12.86    12.86    12.86    12.86    12.86    12.86    12.86    12.86    12.86
  预报    12.39    12.92    12.66    13.10    12.77    12.66    12.41    12.52    12.42    12.70    12.86    13.06
  偏差      -4%       0%      -2%       2%      -1%      -1%      -4%      -3%      -3%      -1%       0%       2%
[画图数据] 03451500 阿什维尔 最大洪峰 起报2024-09-27 09时 锚 954.28
  实测   996.75  1050.56  1110.02  1189.31  1328.06  1478.14  1701.84  1939.70  2234.20  2574.00  2944.95  3143.17
  预报  1116.91  1575.38  2147.18  3163.66  2801.77  2482.70  2090.11  1748.08  1575.62  1329.47  1200.75  1208.26
  偏差      12%      50%      93%     166%     111%      68%      23%     -10%     -29%     -48%     -59%     -62%
[画图数据] 03451500 阿什维尔 典型洪水 起报2024-01-09 21时 锚 523.86
  实测   540.85   543.68   540.85   526.69   504.04   475.72   453.07   441.74   436.08   433.25   430.42   433.25
  预报   630.36   679.21   694.48   714.67   726.05   621.45   597.35   603.51   597.75   567.97   544.84   563.16
  偏差      17%      25%      28%      36%      44%      31%      32%      37%      37%      31%      27%      30%
[画图数据] 03451500 阿什维尔 基流 起报2023-10-26 21时 锚 12.86
  实测    12.86    12.86    12.86    12.86    12.86    12.86    12.86    12.86    12.86    12.86    12.86    12.86
  预报    12.86    12.87    12.96    12.88    13.00    12.85    13.00    12.92    13.03    12.96    13.00    12.95
  偏差       0%       0%       1%       0%       1%      -0%       1%       1%       1%       1%       1%       1%
[画图数据] 03451500 阿什维尔 最大洪峰 起报2024-09-27 09时 锚 954.28
  实测   996.75  1050.56  1110.02  1189.31  1328.06  1478.14  1701.84  1939.70  2234.20  2574.00  2944.95  3143.17
  预报   959.89   992.50  1010.21  1056.72  1073.39  1113.02  1160.33  1179.55  1206.41  1215.86  1199.14  1224.10
  偏差      -4%      -6%      -9%     -11%     -19%     -25%     -32%     -39%     -46%     -53%     -59%     -61%
[画图数据] 03451500 阿什维尔 典型洪水 起报2024-01-09 21时 锚 523.86
  实测   540.85   543.68   540.85   526.69   504.04   475.72   453.07   441.74   436.08   433.25   430.42   433.25
  预报   510.08   487.26   453.50   418.33   376.92   352.23   341.16   324.34   306.13   299.09   288.30   290.97
  偏差      -6%     -10%     -16%     -21%     -25%     -26%     -25%     -27%     -30%     -31%     -33%     -33%
[画图数据] 03451500 阿什维尔 基流 起报2023-10-26 21时 锚 12.86
  实测    12.86    12.86    12.86    12.86    12.86    12.86    12.86    12.86    12.86    12.86    12.86    12.86
  预报    12.78    12.79    12.85    12.77    12.62    12.86    13.05    12.88    12.60    12.64    12.73    12.74
  偏差      -1%      -1%      -0%      -1%      -2%       0%       2%       0%      -2%      -2%      -1%      -1%
[画图数据] 03451500 阿什维尔 最大洪峰 起报2024-09-27 09时 锚 954.28
  实测   996.75  1050.56  1110.02  1189.31  1328.06  1478.14  1701.84  1939.70  2234.20  2574.00  2944.95  3143.17
  预报   967.82  1011.46  1018.86  1053.22  1085.99  1138.82  1203.90  1278.39  1295.54  1323.63  1336.43  1347.39
  偏差      -3%      -4%      -8%     -11%     -18%     -23%     -29%     -34%     -42%     -49%     -55%     -57%
[画图数据] 03451500 阿什维尔 典型洪水 起报2024-01-09 21时 锚 523.86
  实测   540.85   543.68   540.85   526.69   504.04   475.72   453.07   441.74   436.08   433.25   430.42   433.25
  预报   533.59   524.73   520.82   516.33   500.31   487.05   477.33   469.83   459.10   453.46   451.56   448.24
  偏差      -1%      -3%      -4%      -2%      -1%       2%       5%       6%       5%       5%       5%       3%
[画图数据] 03451500 阿什维尔 基流 起报2023-10-26 21时 锚 12.86
  实测    12.86    12.86    12.86    12.86    12.86    12.86    12.86    12.86    12.86    12.86    12.86    12.86
  预报    12.97    12.72    12.64    12.70    12.65    12.64    12.43    12.53    12.51    12.33    12.41    12.63
  偏差       1%      -1%      -2%      -1%      -2%      -2%      -3%      -3%      -3%      -4%      -3%      -2%
[画图数据] 03451500 阿什维尔 最大洪峰 起报2024-09-27 09时 锚 954.28
  实测   996.75  1050.56  1110.02  1189.31  1328.06  1478.14  1701.84  1939.70  2234.20  2574.00  2944.95  3143.17
  预报   999.09   980.82   978.77   973.69   978.94   956.77   963.48   975.18   974.99   991.53  1006.23   997.39
  偏差       0%      -7%     -12%     -18%     -26%     -35%     -43%     -50%     -56%     -61%     -66%     -68%
[画图数据] 03451500 阿什维尔 典型洪水 起报2024-01-09 21时 锚 523.86
  实测   540.85   543.68   540.85   526.69   504.04   475.72   453.07   441.74   436.08   433.25   430.42   433.25
  预报   560.90   532.91   499.92   470.46   444.42   416.04   401.50   378.29   360.50   343.36   336.26   328.07
  偏差       4%      -2%      -8%     -11%     -12%     -13%     -11%     -14%     -17%     -21%     -22%     -24%
[画图数据] 03451500 阿什维尔 基流 起报2023-10-26 21时 锚 12.86
  实测    12.86    12.86    12.86    12.86    12.86    12.86    12.86    12.86    12.86    12.86    12.86    12.86
  预报    12.74    12.98    12.76    12.34    12.82    12.98    13.01    12.88    13.08    12.99    12.85    13.05
  偏差      -1%       1%      -1%      -4%      -0%       1%       1%       0%       2%       1%      -0%       2%
[画图数据] 03451500 阿什维尔 最大洪峰 起报2024-09-27 09时 锚 954.28
  实测  1050.56  1110.02  1189.31  1328.06  1478.14  1701.84  1939.70  2234.20  2574.00  2944.95  3143.17  3143.17
  预报  1047.68  1099.25  1149.20  1201.76  1251.10  1304.93  1357.88  1395.93  1423.06  1436.03  1430.68  1410.41
  偏差      -0%      -1%      -3%     -10%     -15%     -23%     -30%     -38%     -45%     -51%     -54%     -55%
[画图数据] 03451500 阿什维尔 典型洪水 起报2024-01-09 21时 锚 523.86
  实测    58.05    65.70    75.61   105.62   152.91   213.79   328.48   419.09   470.06   498.38   523.86   540.85
  预报    53.48    55.94    60.98    65.78    70.19    77.02    82.20    83.09    74.30    68.67    66.43    67.16
  偏差      -8%     -15%     -19%     -38%     -54%     -64%     -75%     -80%     -84%     -86%     -87%     -88%
[画图数据] 03451500 阿什维尔 基流 起报2023-10-26 21时 锚 12.86
  实测    13.11    13.11    13.11    13.11    12.86    12.86    12.86    12.86    12.86    12.86    12.86    12.86
  预报    13.08    13.04    13.01    12.97    12.94    12.90    12.87    12.83    12.80    12.76    12.73    12.69
  偏差      -0%      -1%      -1%      -1%       1%       0%       0%      -0%      -0%      -1%      -1%      -1%
[画图数据] 03451500 阿什维尔 最大洪峰 起报2024-09-27 09时 锚 954.28
  实测  1050.56  1110.02  1189.31  1328.06  1478.14  1701.84  1939.70  2234.20  2574.00  2944.95  3143.17  3143.17
  预报   986.57   983.61  1001.45  1031.44  1028.21   990.31   952.10   916.92   884.03   853.14   824.47   797.65
  偏差      -6%     -11%     -16%     -22%     -30%     -42%     -51%     -59%     -66%     -71%     -74%     -75%
[画图数据] 03451500 阿什维尔 典型洪水 起报2024-01-09 21时 锚 523.86
  实测    58.05    65.70    75.61   105.62   152.91   213.79   328.48   419.09   470.06   498.38   523.86   540.85
  预报    58.62    66.99    81.21   117.14   162.85   208.61   274.05   332.72   368.79   393.19   402.35   397.56
  偏差       1%       2%       7%      11%       6%      -2%     -17%     -21%     -22%     -21%     -23%     -26%
[画图数据] 03451500 阿什维尔 基流 起报2023-10-26 21时 锚 12.86
  实测    13.11    13.11    13.11    13.11    12.86    12.86    12.86    12.86    12.86    12.86    12.86    12.86
  预报    13.06    13.02    12.97    12.93    12.90    12.87    12.84    12.82    12.80    12.78    12.76    12.74
  偏差      -0%      -1%      -1%      -1%       0%       0%      -0%      -0%      -0%      -1%      -1%      -1%
[画图数据] 03451500 阿什维尔 最大洪峰 起报2024-09-27 09时 锚 954.28
  实测   656.95   679.60   713.58   747.56   784.38   818.36   852.34   883.49   923.13   954.28   996.75  1050.56
  预报   656.81   676.56   705.69   741.07   782.74   828.69   879.64   935.99   997.24  1068.07  1148.29  1233.70
  偏差      -0%      -0%      -1%      -1%      -0%       1%       3%       6%       8%      12%      15%      17%
[画图数据] 03451500 阿什维尔 典型洪水 起报2024-01-09 21时 锚 523.86
  实测   540.85   526.69   504.04   475.72   453.07   441.74   436.08   433.25   430.42   433.25   433.25   433.25
  预报   540.28   527.75   507.22   484.33   463.25   446.07   430.10   413.15   395.26   376.96   359.15   342.37
  偏差      -0%       0%       1%       2%       2%       1%      -1%      -5%      -8%     -13%     -17%     -21%
已写 D:\chengs\CAMS\experiments/forecast_step4\03451500_阿什维尔.png
[画图数据] 03447687 弗莱彻 最大洪峰 起报2024-09-27 21时 锚 1857.59
  实测  1877.41  1897.23  1891.57  1883.07  1860.42  1832.10  1815.11  1769.80  1741.49  1701.84  1670.69  1631.05
  预报  1748.51  1572.22  1380.51  1238.31  1116.48  1016.61   946.64   894.61   875.18   852.05   828.54   812.42
  偏差      -7%     -17%     -27%     -34%     -40%     -45%     -48%     -49%     -50%     -50%     -50%     -50%
[画图数据] 03447687 弗莱彻 典型洪水 起报2024-01-10 09时 锚 376.61
  实测   379.45   373.78   373.78   370.95   370.95   365.29   362.46   359.62   353.96   351.13   348.30   342.63
  预报   365.10   343.96   326.34   318.37   303.68   288.13   282.12   274.67   263.88   259.55   251.35   248.97
  偏差      -4%      -8%     -13%     -14%     -18%     -21%     -22%     -24%     -25%     -26%     -28%     -27%
[画图数据] 03447687 弗莱彻 基流 起报2023-11-20 09时 锚 9.12
  实测     9.12     9.12     9.00     9.00     9.00     9.00     9.00     9.00     9.00     9.00     9.00     9.12
  预报     8.74     9.10     8.90     9.33     8.88     8.92     8.78     8.80     8.74     9.07     9.16     9.26
  偏差      -4%      -0%      -1%       4%      -1%      -1%      -3%      -2%      -3%       1%       2%       2%
[画图数据] 03447687 弗莱彻 最大洪峰 起报2024-09-27 21时 锚 1857.59
  实测  1877.41  1897.23  1891.57  1883.07  1860.42  1832.10  1815.11  1769.80  1741.49  1701.84  1670.69  1631.05
  预报  1710.17  1565.89  1477.65  1308.48  1232.00  1128.10  1116.87  1066.55   950.90   958.80   889.39   899.62
  偏差      -9%     -17%     -22%     -31%     -34%     -38%     -38%     -40%     -45%     -44%     -47%     -45%
[画图数据] 03447687 弗莱彻 典型洪水 起报2024-01-10 09时 锚 376.61
  实测   379.45   373.78   373.78   370.95   370.95   365.29   362.46   359.62   353.96   351.13   348.30   342.63
  预报   375.47   368.34   365.27   352.12   350.80   322.13   316.43   311.84   303.68   288.75   285.14   280.07
  偏差      -1%      -1%      -2%      -5%      -5%     -12%     -13%     -13%     -14%     -18%     -18%     -18%
[画图数据] 03447687 弗莱彻 基流 起报2023-11-20 09时 锚 9.12
  实测     9.12     9.12     9.00     9.00     9.00     9.00     9.00     9.00     9.00     9.00     9.00     9.12
  预报     9.06     9.06     9.07     9.04     9.20     9.07     9.16     9.13     9.18     9.19     9.24     9.25
  偏差      -1%      -1%       1%       0%       2%       1%       2%       1%       2%       2%       3%       1%
[画图数据] 03447687 弗莱彻 最大洪峰 起报2024-09-27 21时 锚 1857.59
  实测  1877.41  1897.23  1891.57  1883.07  1860.42  1832.10  1815.11  1769.80  1741.49  1701.84  1670.69  1631.05
  预报  1794.07  1724.20  1650.90  1576.42  1487.55  1442.29  1381.84  1346.97  1304.63  1272.72  1247.20  1216.29
  偏差      -4%      -9%     -13%     -16%     -20%     -21%     -24%     -24%     -25%     -25%     -25%     -25%
[画图数据] 03447687 弗莱彻 典型洪水 起报2024-01-10 09时 锚 376.61
  实测   379.45   373.78   373.78   370.95   370.95   365.29   362.46   359.62   353.96   351.13   348.30   342.63
  预报   371.92   370.38   369.09   366.00   366.09   362.96   358.40   356.14   353.06   351.77   350.26   345.33
  偏差      -2%      -1%      -1%      -1%      -1%      -1%      -1%      -1%      -0%       0%       1%       1%
[画图数据] 03447687 弗莱彻 基流 起报2023-11-20 09时 锚 9.12
  实测     9.12     9.12     9.00     9.00     9.00     9.00     9.00     9.00     9.00     9.00     9.00     9.12
  预报     9.05     9.07     9.07     9.09     8.92     9.13     9.36     9.28     9.00     9.13     9.23     9.17
  偏差      -1%      -1%       1%       1%      -1%       1%       4%       3%      -0%       1%       3%       1%
[画图数据] 03447687 弗莱彻 最大洪峰 起报2024-09-27 21时 锚 1857.59
  实测  1877.41  1897.23  1891.57  1883.07  1860.42  1832.10  1815.11  1769.80  1741.49  1701.84  1670.69  1631.05
  预报  1818.69  1780.54  1733.13  1680.09  1587.20  1525.52  1479.51  1441.43  1412.34  1394.58  1375.78  1362.94
  偏差      -3%      -6%      -8%     -11%     -15%     -17%     -18%     -19%     -19%     -18%     -18%     -16%
[画图数据] 03447687 弗莱彻 典型洪水 起报2024-01-10 09时 锚 376.61
  实测   379.45   373.78   373.78   370.95   370.95   365.29   362.46   359.62   353.96   351.13   348.30   342.63
  预报   372.19   365.17   361.05   353.82   344.04   337.84   333.32   328.66   325.37   321.78   320.71   315.31
  偏差      -2%      -2%      -3%      -5%      -7%      -8%      -8%      -9%      -8%      -8%      -8%      -8%
[画图数据] 03447687 弗莱彻 基流 起报2023-11-20 09时 锚 9.12
  实测     9.12     9.12     9.00     9.00     9.00     9.00     9.00     9.00     9.00     9.00     9.00     9.12
  预报     9.25     8.97     8.94     9.01     9.03     8.97     8.83     8.95     8.95     8.81     8.88     9.07
  偏差       1%      -2%      -1%       0%       0%      -0%      -2%      -1%      -1%      -2%      -1%      -0%
[画图数据] 03447687 弗莱彻 最大洪峰 起报2024-09-27 21时 锚 1857.59
  实测  1877.41  1897.23  1891.57  1883.07  1860.42  1832.10  1815.11  1769.80  1741.49  1701.84  1670.69  1631.05
  预报  1864.30  1801.51  1758.30  1700.54  1622.78  1563.83  1515.79  1470.07  1441.08  1425.92  1404.45  1396.18
  偏差      -1%      -5%      -7%     -10%     -13%     -15%     -16%     -17%     -17%     -16%     -16%     -14%
[画图数据] 03447687 弗莱彻 典型洪水 起报2024-01-10 09时 锚 376.61
  实测   379.45   373.78   373.78   370.95   370.95   365.29   362.46   359.62   353.96   351.13   348.30   342.63
  预报   376.54   372.08   369.59   366.44   363.99   358.11   357.71   352.52   350.54   347.29   342.75   340.49
  偏差      -1%      -0%      -1%      -1%      -2%      -2%      -1%      -2%      -1%      -1%      -2%      -1%
[画图数据] 03447687 弗莱彻 基流 起报2023-11-20 09时 锚 9.12
  实测     9.12     9.12     9.00     9.00     9.00     9.00     9.00     9.00     9.00     9.00     9.00     9.12
  预报     9.20     9.52     9.33     9.11     9.34     9.39     9.53     9.62     9.65     9.42     9.09     9.34
  偏差       1%       4%       4%       1%       4%       4%       6%       7%       7%       5%       1%       2%
[画图数据] 03447687 弗莱彻 最大洪峰 起报2024-09-27 21时 锚 1857.59
  实测   702.26   753.23   809.86   891.98   993.92  1160.99  1376.20  1571.58  1693.35  1786.79  1857.59  1877.41
  预报   688.89   713.19   743.12   780.02   814.08   849.29   880.71   894.38   894.44   888.88   878.25   863.06
  偏差      -2%      -5%      -8%     -13%     -18%     -27%     -36%     -43%     -47%     -50%     -53%     -54%
[画图数据] 03447687 弗莱彻 典型洪水 起报2024-01-10 09时 锚 376.61
  实测   373.78   373.78   370.95   370.95   365.29   362.46   359.62   353.96   351.13   348.30   342.63   339.80
  预报   378.38   376.68   374.35   371.51   368.29   364.77   361.03   357.12   353.09   349.00   344.83   340.63
  偏差       1%       1%       1%       0%       1%       1%       0%       1%       1%       0%       1%       0%
[画图数据] 03447687 弗莱彻 基流 起报2023-11-20 09时 锚 9.12
  实测     9.12     9.00     9.00     9.00     9.00     9.00     9.00     9.00     9.00     9.00     9.12     9.12
  预报     9.10     9.09     9.08     9.06     9.05     9.04     9.03     9.01     9.00     8.99     8.98     8.96
  偏差      -0%       1%       1%       1%       1%       0%       0%       0%      -0%      -0%      -2%      -2%
[画图数据] 03447687 弗莱彻 最大洪峰 起报2024-09-27 21时 锚 1857.59
  实测   702.26   753.23   809.86   891.98   993.92  1160.99  1376.20  1571.58  1693.35  1786.79  1857.59  1877.41
  预报   655.57   632.41   612.73   595.80   585.37   576.75   568.48   560.99   554.29   548.08   541.88   535.68
  偏差      -7%     -16%     -24%     -33%     -41%     -50%     -59%     -64%     -67%     -69%     -71%     -71%
[画图数据] 03447687 弗莱彻 典型洪水 起报2024-01-10 09时 锚 376.61
  实测   373.78   373.78   370.95   370.95   365.29   362.46   359.62   353.96   351.13   348.30   342.63   339.80
  预报   376.28   373.35   370.58   367.90   365.29   362.71   360.15   357.58   355.00   352.42   349.84   347.25
  偏差       1%      -0%      -0%      -1%       0%       0%       0%       1%       1%       1%       2%       2%
[画图数据] 03447687 弗莱彻 基流 起报2023-11-20 09时 锚 9.12
  实测     9.12     9.00     9.00     9.00     9.00     9.00     9.00     9.00     9.00     9.00     9.12     9.12
  预报     9.15     9.18     9.22     9.25     9.29     9.32     9.35     9.38     9.41     9.44     9.47     9.50
  偏差       0%       2%       2%       3%       3%       4%       4%       4%       5%       5%       4%       4%
[画图数据] 03447687 弗莱彻 最大洪峰 起报2024-09-27 21时 锚 1857.59
  实测  1891.57  1883.07  1860.42  1832.10  1815.11  1769.80  1741.49  1701.84  1670.69  1631.05  1597.07  1557.43
  预报  1906.27  1916.36  1928.00  1941.98  1958.61  1978.32  2000.92  2027.15  2057.42  2092.04  2131.77  2177.38
  偏差       1%       2%       4%       6%       8%      12%      15%      19%      23%      28%      33%      40%
[画图数据] 03447687 弗莱彻 典型洪水 起报2024-01-10 09时 锚 376.61
  实测   305.82   322.81   336.97   351.13   362.46   370.95   373.78   376.61   373.78   376.61   379.45   373.78
  预报   298.31   301.69   302.84   301.53   298.20   294.04   289.49   284.84   280.31   276.07   272.66   270.01
  偏差      -2%      -7%     -10%     -14%     -18%     -21%     -23%     -24%     -25%     -27%     -28%     -28%
已写 D:\chengs\CAMS\experiments/forecast_step4\03447687_弗莱彻.png
[画图数据] 03443000 布兰太尔 最大洪峰 起报2024-09-26 21时 锚 185.48
  实测   196.52   207.00   214.92   224.84   233.61   242.96   252.02   261.65   272.97   286.00   300.16   317.15
  预报   199.28   205.22   216.31   233.25   235.91   246.81   268.79   279.84   285.56   281.46   281.89   282.82
  偏差       1%      -1%       1%       4%       1%       2%       7%       7%       5%      -2%      -6%     -11%
[画图数据] 03443000 布兰太尔 典型洪水 起报2024-01-10 09时 锚 226.82
  实测   227.67   227.67   228.52   228.80   230.22   231.35   233.61   235.31   237.30   238.71   239.56   240.13
  预报   219.98   208.68   199.29   192.84   185.30   177.30   171.60   166.55   161.87   157.25   153.96   150.58
  偏差      -3%      -8%     -13%     -16%     -20%     -23%     -27%     -29%     -32%     -34%     -36%     -37%
[画图数据] 03443000 布兰太尔 基流 起报2023-11-20 09时 锚 5.72
  实测     5.72     5.72     5.69     5.69     5.69     5.69     5.64     5.64     5.64     5.64     5.69     5.69
  预报     5.62     5.71     5.61     5.83     5.52     5.63     5.63     5.62     5.59     5.73     5.83     5.82
  偏差      -2%      -0%      -1%       2%      -3%      -1%      -0%      -0%      -1%       2%       2%       2%
[画图数据] 03443000 布兰太尔 最大洪峰 起报2024-09-26 21时 锚 185.48
  实测   196.52   207.00   214.92   224.84   233.61   242.96   252.02   261.65   272.97   286.00   300.16   317.15
  预报   217.47   222.52   231.25   232.61   228.68   206.74   215.38   196.02   191.70   179.36   179.01   196.88
  偏差      11%       8%       8%       3%      -2%     -15%     -15%     -25%     -30%     -37%     -40%     -38%
[画图数据] 03443000 布兰太尔 典型洪水 起报2024-01-10 09时 锚 226.82
  实测   227.67   227.67   228.52   228.80   230.22   231.35   233.61   235.31   237.30   238.71   239.56   240.13
  预报   222.13   217.48   215.20   207.51   205.15   188.05   184.76   182.37   176.95   170.54   166.21   161.90
  偏差      -2%      -4%      -6%      -9%     -11%     -19%     -21%     -22%     -25%     -29%     -31%     -33%
[画图数据] 03443000 布兰太尔 基流 起报2023-11-20 09时 锚 5.72
  实测     5.72     5.72     5.69     5.69     5.69     5.69     5.64     5.64     5.64     5.64     5.69     5.69
  预报     5.69     5.68     5.70     5.67     5.76     5.70     5.77     5.74     5.77     5.78     5.81     5.81
  偏差      -1%      -1%       0%      -0%       1%       0%       2%       2%       2%       3%       2%       2%
[画图数据] 03443000 布兰太尔 最大洪峰 起报2024-09-26 21时 锚 185.48
  实测   196.52   207.00   214.92   224.84   233.61   242.96   252.02   261.65   272.97   286.00   300.16   317.15
  预报   205.19   214.23   231.23   249.96   246.72   266.96   271.34   291.90   306.98   322.58   334.12   334.22
  偏差       4%       3%       8%      11%       6%      10%       8%      12%      12%      13%      11%       5%
[画图数据] 03443000 布兰太尔 典型洪水 起报2024-01-10 09时 锚 226.82
  实测   227.67   227.67   228.52   228.80   230.22   231.35   233.61   235.31   237.30   238.71   239.56   240.13
  预报   224.32   224.56   221.44   220.09   220.02   214.21   213.36   211.26   206.02   203.88   201.11   197.49
  偏差      -1%      -1%      -3%      -4%      -4%      -7%      -9%     -10%     -13%     -15%     -16%     -18%
[画图数据] 03443000 布兰太尔 基流 起报2023-11-20 09时 锚 5.72
  实测     5.72     5.72     5.69     5.69     5.69     5.69     5.64     5.64     5.64     5.64     5.69     5.69
  预报     5.60     5.56     5.60     5.70     5.63     5.72     6.03     5.91     5.89     6.20     6.30     6.03
  偏差      -2%      -3%      -2%       0%      -1%       1%       7%       5%       4%      10%      11%       6%
[画图数据] 03443000 布兰太尔 最大洪峰 起报2024-09-26 21时 锚 185.48
  实测   196.52   207.00   214.92   224.84   233.61   242.96   252.02   261.65   272.97   286.00   300.16   317.15
  预报   180.65   184.99   174.99   171.33   171.74   166.95   177.05   180.32   191.30   191.79   200.08   204.15
  偏差      -8%     -11%     -19%     -24%     -26%     -31%     -30%     -31%     -30%     -33%     -33%     -36%
[画图数据] 03443000 布兰太尔 典型洪水 起报2024-01-10 09时 锚 226.82
  实测   227.67   227.67   228.52   228.80   230.22   231.35   233.61   235.31   237.30   238.71   239.56   240.13
  预报   226.13   222.82   223.14   224.36   223.19   226.97   223.23   225.65   223.38   223.69   223.42   221.04
  偏差      -1%      -2%      -2%      -2%      -3%      -2%      -4%      -4%      -6%      -6%      -7%      -8%
[画图数据] 03443000 布兰太尔 基流 起报2023-11-20 09时 锚 5.72
  实测     5.72     5.72     5.69     5.69     5.69     5.69     5.64     5.64     5.64     5.64     5.69     5.69
  预报     5.84     5.57     5.55     5.57     5.58     5.50     5.50     5.57     5.56     5.58     5.55     5.64
  偏差       2%      -3%      -2%      -2%      -2%      -3%      -2%      -1%      -1%      -1%      -3%      -1%
[画图数据] 03443000 布兰太尔 最大洪峰 起报2024-09-26 21时 锚 185.48
  实测   196.52   207.00   214.92   224.84   233.61   242.96   252.02   261.65   272.97   286.00   300.16   317.15
  预报   201.26   204.50   198.92   178.72   182.09   193.54   201.90   218.84   232.84   247.96   265.19   267.75
  偏差       2%      -1%      -7%     -21%     -22%     -20%     -20%     -16%     -15%     -13%     -12%     -16%
[画图数据] 03443000 布兰太尔 典型洪水 起报2024-01-10 09时 锚 226.82
  实测   227.67   227.67   228.52   228.80   230.22   231.35   233.61   235.31   237.30   238.71   239.56   240.13
  预报   220.87   217.93   216.18   212.07   208.72   209.55   205.02   203.00   203.60   201.18   199.55   201.93
  偏差      -3%      -4%      -5%      -7%      -9%      -9%     -12%     -14%     -14%     -16%     -17%     -16%
[画图数据] 03443000 布兰太尔 基流 起报2023-11-20 09时 锚 5.72
  实测     5.72     5.72     5.69     5.69     5.69     5.69     5.64     5.64     5.64     5.64     5.69     5.69
  预报     5.77     5.97     5.81     5.73     5.84     5.82     6.01     6.19     6.07     6.04     5.77     5.99
  偏差       1%       4%       2%       1%       3%       2%       7%      10%       8%       7%       1%       5%
[画图数据] 03443000 布兰太尔 最大洪峰 起报2024-09-26 21时 锚 185.48
  实测   120.91   126.29   131.11   135.35   139.04   143.00   147.53   155.18   164.80   174.71   185.48   196.52
  预报   119.05   128.07   128.94   134.71   145.46   152.97   165.80   179.23   192.12   206.61   223.38   242.57
  偏差      -2%       1%      -2%      -0%       5%       7%      12%      16%      17%      18%      20%      23%
[画图数据] 03443000 布兰太尔 典型洪水 起报2024-01-10 09时 锚 226.82
  实测   227.67   228.52   228.80   230.22   231.35   233.61   235.31   237.30   238.71   239.56   240.13   239.56
  预报   227.97   227.88   227.53   226.89   226.03   224.93   223.56   221.99   220.28   218.44   216.51   214.54
  偏差       0%      -0%      -1%      -1%      -2%      -4%      -5%      -6%      -8%      -9%     -10%     -10%
[画图数据] 03443000 布兰太尔 基流 起报2023-11-20 09时 锚 5.72
  实测     5.72     5.69     5.69     5.69     5.69     5.64     5.64     5.64     5.64     5.69     5.69     5.69
  预报     5.72     5.72     5.72     5.72     5.72     5.73     5.73     5.73     5.73     5.73     5.73     5.73
  偏差       0%       1%       1%       1%       1%       2%       2%       2%       2%       1%       1%       1%
[画图数据] 03443000 布兰太尔 最大洪峰 起报2024-09-26 21时 锚 185.48
  实测   120.91   126.29   131.11   135.35   139.04   143.00   147.53   155.18   164.80   174.71   185.48   196.52
  预报   121.05   126.29   130.58   134.84   140.46   144.79   150.41   155.86   160.43   164.79   169.70   175.82
  偏差       0%      -0%      -0%      -0%       1%       1%       2%       0%      -3%      -6%      -9%     -11%
[画图数据] 03443000 布兰太尔 典型洪水 起报2024-01-10 09时 锚 226.82
  实测   227.67   228.52   228.80   230.22   231.35   233.61   235.31   237.30   238.71   239.56   240.13   239.56
  预报   229.36   230.98   232.41   233.67   234.76   235.70   236.51   237.20   237.80   238.29   238.70   239.04
  偏差       1%       1%       2%       1%       1%       1%       1%      -0%      -0%      -1%      -1%      -0%
[画图数据] 03443000 布兰太尔 基流 起报2023-11-20 09时 锚 5.72
  实测     5.72     5.69     5.69     5.69     5.69     5.64     5.64     5.64     5.64     5.69     5.69     5.69
  预报     5.79     5.86     5.93     5.98     6.04     6.08     6.13     6.17     6.22     6.27     6.32     6.38
  偏差       1%       3%       4%       5%       6%       8%       9%      10%      10%      10%      11%      12%
[画图数据] 03443000 布兰太尔 最大洪峰 起报2024-09-26 21时 锚 185.48
  实测    53.80    66.26    79.57    88.07    92.60    95.99    99.96   104.77   109.59   112.70   116.10   120.91
  预报    40.66    44.50    48.70    53.33    57.47    59.73    61.85    62.74    63.00    63.16    63.50    63.97
  偏差     -24%     -33%     -39%     -39%     -38%     -38%     -38%     -40%     -43%     -44%     -45%     -47%
[画图数据] 03443000 布兰太尔 典型洪水 起报2024-01-10 09时 锚 226.82
  实测   156.88   171.03   184.63   196.52   206.15   213.79   219.46   223.14   225.40   226.82   227.67   227.67
  预报   151.43   155.56   158.28   160.23   161.80   163.01   164.19   165.02   165.75   166.09   166.37   166.69
  偏差      -3%      -9%     -14%     -18%     -22%     -24%     -25%     -26%     -26%     -27%     -27%     -27%
已写 D:\chengs\CAMS\experiments/forecast_step4\03443000_布兰太尔.png
[画图数据] 03453000 艾维河 最大洪峰 起报2024-01-09 09时 锚 3.09
  实测     2.18     2.40     2.94     3.09     4.81     6.40    30.02    69.66   113.83   151.21   163.39   161.97
  预报     3.34     2.47     4.20     5.68    11.08    17.92    26.37    32.08    41.14    45.98    49.90    53.95
  偏差      53%       3%      43%      84%     130%     180%     -12%     -54%     -64%     -70%     -69%     -67%
[画图数据] 03453000 艾维河 典型洪水 起报2024-09-26 09时 锚 54.65
  实测    67.39    78.15    81.84    90.33   101.09   115.82   118.08   111.00    99.96    84.67    67.11    56.63
  预报    71.80    88.87   114.86   137.47   148.71   152.73   151.79   150.66   144.63   141.95   139.03   134.47
  偏差       7%      14%      40%      52%      47%      32%      29%      36%      45%      68%     107%     137%
[画图数据] 03453000 艾维河 基流 起报2024-09-12 21时 锚 0.59
  实测     0.59     0.59     0.61     0.61     0.61     0.61     0.61     0.61     0.61     0.61     0.63     0.63
  预报     0.51     0.63     0.73     0.62     0.69     0.93     1.12     0.99     0.68     1.04     0.93     1.01
  偏差     -14%       6%      19%       2%      13%      53%      83%      62%      11%      69%      48%      59%
[画图数据] 03453000 艾维河 最大洪峰 起报2024-01-09 09时 锚 3.09
  实测     2.18     2.40     2.94     3.09     4.81     6.40    30.02    69.66   113.83   151.21   163.39   161.97
  预报     3.49     3.88     4.48     5.76     9.11    14.52    26.57    45.03    83.64   127.33   158.73   185.34
  偏差      60%      62%      52%      86%      89%     127%     -11%     -35%     -27%     -16%      -3%      14%
[画图数据] 03453000 艾维河 典型洪水 起报2024-09-26 09时 锚 54.65
  实测    67.39    78.15    81.84    90.33   101.09   115.82   118.08   111.00    99.96    84.67    67.11    56.63
  预报    87.25   129.58   176.33   230.68   208.05   188.82   136.43   133.12    94.77    96.14   104.71    79.12
  偏差      29%      66%     115%     155%     106%      63%      16%      20%      -5%      14%      56%      40%
[画图数据] 03453000 艾维河 基流 起报2024-09-12 21时 锚 0.59
  实测     0.59     0.59     0.61     0.61     0.61     0.61     0.61     0.61     0.61     0.61     0.63     0.63
  预报     0.59     0.61     0.59     0.61     0.64     0.64     0.66     0.69     0.75     0.74     0.76     0.81
  偏差       0%       3%      -3%      -1%       4%       5%       7%      12%      22%      21%      21%      27%
[画图数据] 03453000 艾维河 最大洪峰 起报2024-01-09 09时 锚 3.09
  实测     2.18     2.40     2.94     3.09     4.81     6.40    30.02    69.66   113.83   151.21   163.39   161.97
  预报     5.94    11.96    12.33    14.79    15.65    20.68    29.48    44.20    63.91    72.12    86.38    85.59
  偏差     172%     399%     319%     379%     225%     223%      -2%     -37%     -44%     -52%     -47%     -47%
[画图数据] 03453000 艾维河 典型洪水 起报2024-09-26 09时 锚 54.65
  实测    67.39    78.15    81.84    90.33   101.09   115.82   118.08   111.00    99.96    84.67    67.11    56.63
  预报    62.08    65.88    68.36    88.02    75.25    59.34    61.91    50.96    50.88    42.76    24.35    27.57
  偏差      -8%     -16%     -16%      -3%     -26%     -49%     -48%     -54%     -49%     -49%     -64%     -51%
[画图数据] 03453000 艾维河 基流 起报2024-09-12 21时 锚 0.59
  实测     0.59     0.59     0.61     0.61     0.61     0.61     0.61     0.61     0.61     0.61     0.63     0.63
  预报     0.25     0.92     0.35     0.91     0.29     0.53     1.12     0.37     0.56     0.72     0.99     1.34
  偏差     -57%      56%     -42%      49%     -52%     -14%      84%     -39%      -9%      17%      57%     113%
[画图数据] 03453000 艾维河 最大洪峰 起报2024-01-09 09时 锚 3.09
  实测     2.18     2.40     2.94     3.09     4.81     6.40    30.02    69.66   113.83   151.21   163.39   161.97
  预报     1.41     0.00     0.00     0.00     1.69    13.13    34.71    58.40    82.92   110.36   133.68   146.14
  偏差     -35%    -100%    -100%    -100%     -65%     105%      16%     -16%     -27%     -27%     -18%     -10%
[画图数据] 03453000 艾维河 典型洪水 起报2024-09-26 09时 锚 54.65
  实测    67.39    78.15    81.84    90.33   101.09   115.82   118.08   111.00    99.96    84.67    67.11    56.63
  预报   103.03   139.34   141.33   168.26   143.48   146.05   145.93   167.19   161.64   157.51   157.36   148.23
  偏差      53%      78%      73%      86%      42%      26%      24%      51%      62%      86%     134%     162%
[画图数据] 03453000 艾维河 基流 起报2024-09-12 21时 锚 0.59
  实测     0.59     0.59     0.61     0.61     0.61     0.61     0.61     0.61     0.61     0.61     0.63     0.63
  预报     0.62     0.61     0.49     0.49     0.73     1.01     1.16     1.87     1.85     2.25     2.15     2.32
  偏差       5%       3%     -19%     -21%      19%      66%      90%     205%     203%     268%     241%     267%
[画图数据] 03453000 艾维河 最大洪峰 起报2024-01-09 09时 锚 3.09
  实测     2.18     2.40     2.94     3.09     4.81     6.40    30.02    69.66   113.83   151.21   163.39   161.97
  预报     5.77     8.71     7.98     7.13     8.80    21.98    40.93    64.51    97.00   120.99   131.56   131.94
  偏差     164%     264%     171%     131%      83%     244%      36%      -7%     -15%     -20%     -19%     -19%
[画图数据] 03453000 艾维河 典型洪水 起报2024-09-26 09时 锚 54.65
  实测    67.39    78.15    81.84    90.33   101.09   115.82   118.08   111.00    99.96    84.67    67.11    56.63
  预报    70.87    84.82   125.60   163.30   135.46   116.02   101.26    85.70    76.09    70.51    62.48    69.16
  偏差       5%       9%      53%      81%      34%       0%     -14%     -23%     -24%     -17%      -7%      22%
[画图数据] 03453000 艾维河 基流 起报2024-09-12 21时 锚 0.59
  实测     0.59     0.59     0.61     0.61     0.61     0.61     0.61     0.61     0.61     0.61     0.63     0.63
  预报     0.50     0.62     0.63     0.69     0.73     0.79     0.83     0.98     1.01     1.14     1.21     1.21
  偏差     -16%       5%       3%      12%      19%      29%      36%      61%      65%      86%      92%      91%
[画图数据] 03453000 艾维河 最大洪峰 起报2024-01-09 09时 锚 3.09
  实测     2.40     2.94     3.09     4.81     6.40    30.02    69.66   113.83   151.21   163.39   161.97   141.30
  预报     3.73     6.34    13.89    24.35    36.34    41.17    43.72    43.28    44.84    47.25    45.56    44.25
  偏差      56%     115%     350%     406%     468%      37%     -37%     -62%     -70%     -71%     -72%     -69%
[画图数据] 03453000 艾维河 典型洪水 起报2024-09-26 09时 锚 54.65
  实测    78.15    81.84    90.33   101.09   115.82   118.08   111.00    99.96    84.67    67.11    56.63    50.12
  预报    62.90    58.23    55.94    51.21    46.80    40.88    35.62    31.16    28.40    27.82    28.91    30.46
  偏差     -20%     -29%     -38%     -49%     -60%     -65%     -68%     -69%     -66%     -59%     -49%     -39%
[画图数据] 03453000 艾维河 基流 起报2024-09-12 21时 锚 0.59
  实测     0.65     0.65     0.63     0.63     0.63     0.61     0.61     0.61     0.61     0.61     0.59     0.59
  预报     0.69     0.74     0.78     0.82     0.86     0.90     0.95     0.99     1.03     1.07     1.11     1.15
  偏差       6%      13%      23%      30%      37%      48%      55%      62%      68%      75%      88%      95%
[画图数据] 03453000 艾维河 最大洪峰 起报2024-01-09 09时 锚 3.09
  实测     2.40     2.94     3.09     4.81     6.40    30.02    69.66   113.83   151.21   163.39   161.97   141.30
  预报     7.38    18.53    37.97    70.41   111.88   157.90   203.62   242.51   264.97   271.88   267.20   221.45
  偏差     208%     529%    1130%    1363%    1648%     426%     192%     113%      75%      66%      65%      57%
[画图数据] 03453000 艾维河 典型洪水 起报2024-09-26 09时 锚 54.65
  实测    78.15    81.84    90.33   101.09   115.82   118.08   111.00    99.96    84.67    67.11    56.63    50.12
  预报    82.43    99.44   108.02   115.88   119.32   119.31   117.66   114.10   112.21   110.88   108.49   107.09
  偏差       5%      22%      20%      15%       3%       1%       6%      14%      33%      65%      92%     114%
[画图数据] 03453000 艾维河 基流 起报2024-09-12 21时 锚 0.59
  实测     0.65     0.65     0.63     0.63     0.63     0.61     0.61     0.61     0.61     0.61     0.59     0.59
  预报     0.66     0.67     0.68     0.68     0.69     0.69     0.70     0.71     0.71     0.72     0.72     0.73
  偏差       1%       3%       7%       8%       9%      14%      14%      15%      16%      17%      22%      23%
[画图数据] 03453000 艾维河 最大洪峰 起报2024-01-09 09时 锚 3.09
  实测     2.44     2.44     2.27     2.27     2.27     2.27     2.31     2.27     2.35     3.09     2.18     2.40
  预报     2.45     2.47     2.47     2.48     2.48     2.49     2.50     2.65     2.80     2.97     3.14     3.32
  偏差       1%       1%       9%       9%      10%      10%       8%      17%      19%      -4%      44%      39%
[画图数据] 03453000 艾维河 典型洪水 起报2024-09-26 09时 锚 54.65
  实测     2.40     7.36    26.08    30.58    32.85    30.87    30.58    32.28    38.51    54.65    67.39    78.15
  预报     2.08     2.34     2.57     3.65     6.80    11.19    14.03    20.01    26.04    39.96    50.71    60.14
  偏差     -13%     -68%     -90%     -88%     -79%     -64%     -54%     -38%     -32%     -27%     -25%     -23%
[画图数据] 03453000 艾维河 基流 起报2024-09-12 21时 锚 0.59
  实测     0.61     0.61     0.61     0.61     0.61     0.61     0.61     0.61     0.63     0.63     0.63     0.65
  预报     0.59     0.60     0.68     0.71     0.73     0.74     0.75     0.77     0.79     0.79     0.79     0.79
  偏差      -3%      -1%      11%      15%      19%      21%      23%      27%      25%      26%      26%      22%
已写 D:\chengs\CAMS\experiments/forecast_step4\03453000_艾维河.png
[画图数据] 03451000 斯旺纳诺阿 最大洪峰 起报2024-09-26 21时 锚 79.00
  实测    78.72    80.42    81.27    84.67    95.71   113.55   131.39   140.73   150.65   164.80   182.64   197.93
  预报    86.78    97.18   109.33   125.13   133.80   143.02   152.55   158.07   162.02   159.11   157.02   156.79
  偏差      10%      21%      35%      48%      40%      26%      16%      12%       8%      -3%     -14%     -21%
[画图数据] 03451000 斯旺纳诺阿 典型洪水 起报2024-01-09 09时 锚 5.04
  实测     7.19    11.44    15.97    23.30    34.55    45.59    55.50    76.74    98.83   104.77    99.39    92.88
  预报     4.86     4.57     5.91     6.91    11.07    15.80    22.06    26.91    34.17    38.11    41.61    45.15
  偏差     -32%     -60%     -63%     -70%     -68%     -65%     -60%     -65%     -65%     -64%     -58%     -51%
[画图数据] 03451000 斯旺纳诺阿 基流 起报2024-09-11 21时 锚 0.69
  实测     0.65     0.65     0.65     0.65     0.65     0.65     0.65     0.65     0.65     0.69     0.69     0.69
  预报     0.68     0.70     0.74     0.85     0.80     0.73     0.70     0.75     0.74     0.74     0.65     0.64
  偏差       4%       8%      14%      31%      22%      11%       8%      15%      13%       9%      -5%      -6%
[画图数据] 03451000 斯旺纳诺阿 最大洪峰 起报2024-09-26 21时 锚 79.00
  实测    78.72    80.42    81.27    84.67    95.71   113.55   131.39   140.73   150.65   164.80   182.64   197.93
  预报    90.82    97.92    99.71    98.61    93.23    92.67    98.98   115.44   144.81   169.40   195.36   237.90
  偏差      15%      22%      23%      16%      -3%     -18%     -25%     -18%      -4%       3%       7%      20%
[画图数据] 03451000 斯旺纳诺阿 典型洪水 起报2024-01-09 09时 锚 5.04
  实测     7.19    11.44    15.97    23.30    34.55    45.59    55.50    76.74    98.83   104.77    99.39    92.88
  预报     5.91     6.66     7.52     8.81    11.34    14.11    19.76    28.69    44.19    59.07    69.39    74.90
  偏差     -18%     -42%     -53%     -62%     -67%     -69%     -64%     -63%     -55%     -44%     -30%     -19%
[画图数据] 03451000 斯旺纳诺阿 基流 起报2024-09-11 21时 锚 0.69
  实测     0.65     0.65     0.65     0.65     0.65     0.65     0.65     0.65     0.65     0.69     0.69     0.69
  预报     0.68     0.69     0.70     0.71     0.71     0.68     0.70     0.68     0.70     0.71     0.70     0.72
  偏差       5%       6%       8%       9%       8%       5%       7%       5%       8%       4%       1%       5%
[画图数据] 03451000 斯旺纳诺阿 最大洪峰 起报2024-09-26 21时 锚 79.00
  实测    78.72    80.42    81.27    84.67    95.71   113.55   131.39   140.73   150.65   164.80   182.64   197.93
  预报    70.51    83.08    79.32   103.77   106.83   100.87   107.87   128.01   129.66   143.97   151.97   155.93
  偏差     -10%       3%      -2%      23%      12%     -11%     -18%      -9%     -14%     -13%     -17%     -21%
[画图数据] 03451000 斯旺纳诺阿 典型洪水 起报2024-01-09 09时 锚 5.04
  实测     7.19    11.44    15.97    23.30    34.55    45.59    55.50    76.74    98.83   104.77    99.39    92.88
  预报     8.25    13.54    11.73    13.04     9.41    10.15    16.18    29.67    43.14    49.69    58.73    59.65
  偏差      15%      18%     -27%     -44%     -73%     -78%     -71%     -61%     -56%     -53%     -41%     -36%
[画图数据] 03451000 斯旺纳诺阿 基流 起报2024-09-11 21时 锚 0.69
  实测     0.65     0.65     0.65     0.65     0.65     0.65     0.65     0.65     0.65     0.69     0.69     0.69
  预报     0.41     0.18     0.36     0.23     0.17     0.44     0.35     0.36     0.60     0.61     0.79     0.40
  偏差     -37%     -72%     -45%     -64%     -75%     -33%     -46%     -45%      -9%     -11%      16%     -42%
[画图数据] 03451000 斯旺纳诺阿 最大洪峰 起报2024-09-26 21时 锚 79.00
  实测    78.72    80.42    81.27    84.67    95.71   113.55   131.39   140.73   150.65   164.80   182.64   197.93
  预报    74.25    92.51    89.71    93.23    89.03    89.12   110.52   147.83   183.74   222.96   257.57   272.92
  偏差      -6%      15%      10%      10%      -7%     -22%     -16%       5%      22%      35%      41%      38%
[画图数据] 03451000 斯旺纳诺阿 典型洪水 起报2024-01-09 09时 锚 5.04
  实测     7.19    11.44    15.97    23.30    34.55    45.59    55.50    76.74    98.83   104.77    99.39    92.88
  预报     7.86     4.63     2.26     4.12     6.68    17.20    25.08    39.53    50.59    63.86    80.05    82.89
  偏差       9%     -60%     -86%     -82%     -81%     -62%     -55%     -48%     -49%     -39%     -19%     -11%
[画图数据] 03451000 斯旺纳诺阿 基流 起报2024-09-11 21时 锚 0.69
  实测     0.65     0.65     0.65     0.65     0.65     0.65     0.65     0.65     0.65     0.69     0.69     0.69
  预报     0.69     0.60     0.52     0.49     0.55     0.39     0.35     0.42     0.32     0.50     0.29     0.46
  偏差       6%      -8%     -21%     -25%     -16%     -40%     -46%     -35%     -51%     -27%     -57%     -33%
[画图数据] 03451000 斯旺纳诺阿 最大洪峰 起报2024-09-26 21时 锚 79.00
  实测    78.72    80.42    81.27    84.67    95.71   113.55   131.39   140.73   150.65   164.80   182.64   197.93
  预报    89.83    91.76    96.80   107.33    92.09    95.60   119.36   149.18   196.94   247.96   275.12   273.22
  偏差      14%      14%      19%      27%      -4%     -16%      -9%       6%      31%      50%      51%      38%
[画图数据] 03451000 斯旺纳诺阿 典型洪水 起报2024-01-09 09时 锚 5.04
  实测     7.19    11.44    15.97    23.30    34.55    45.59    55.50    76.74    98.83   104.77    99.39    92.88
  预报     6.62     8.29     6.85     5.67     7.11    10.05    12.34    14.83    17.62    18.71    21.06    23.95
  偏差      -8%     -27%     -57%     -76%     -79%     -78%     -78%     -81%     -82%     -82%     -79%     -74%
[画图数据] 03451000 斯旺纳诺阿 基流 起报2024-09-11 21时 锚 0.69
  实测     0.65     0.65     0.65     0.65     0.65     0.65     0.65     0.65     0.65     0.69     0.69     0.69
  预报     0.56     0.56     0.62     0.63     0.61     0.60     0.55     0.60     0.58     0.56     0.52     0.47
  偏差     -13%     -13%      -5%      -4%      -6%      -8%     -15%      -8%     -11%     -18%     -25%     -32%
[画图数据] 03451000 斯旺纳诺阿 最大洪峰 起报2024-09-26 21时 锚 79.00
  实测   136.77   154.61   163.11   156.59   139.89   120.63   104.77    92.31    85.80    81.84    79.00    78.72
  预报   104.70    96.82    91.41    89.25    87.54    82.14    76.37    69.86    65.70    65.86    67.68    69.65
  偏差     -23%     -37%     -44%     -43%     -37%     -32%     -27%     -24%     -23%     -20%     -14%     -12%
[画图数据] 03451000 斯旺纳诺阿 典型洪水 起报2024-01-09 09时 锚 5.04
  实测    11.44    15.97    23.30    34.55    45.59    55.50    76.74    98.83   104.77    99.39    92.88    87.22
  预报     7.94     9.15    11.23    16.09    25.23    33.40    39.75    42.31    45.88    49.53    47.63    45.82
  偏差     -31%     -43%     -52%     -53%     -45%     -40%     -48%     -57%     -56%     -50%     -49%     -47%
[画图数据] 03451000 斯旺纳诺阿 基流 起报2024-09-11 21时 锚 0.69
  实测     0.72     0.72     0.72     0.72     0.69     0.69     0.69     0.69     0.69     0.69     0.69     0.65
  预报     0.75     0.77     0.80     0.83     0.85     0.88     0.90     0.93     0.96     0.98     1.01     1.03
  偏差       4%       7%      11%      14%      24%      28%      32%      36%      40%      43%      47%      59%
[画图数据] 03451000 斯旺纳诺阿 最大洪峰 起报2024-09-26 21时 锚 79.00
  实测   136.77   154.61   163.11   156.59   139.89   120.63   104.77    92.31    85.80    81.84    79.00    78.72
  预报   118.97   120.81   121.03   119.92   117.48   114.33   111.43   108.98   108.27   108.73   109.44   111.11
  偏差     -13%     -22%     -26%     -23%     -16%      -5%       6%      18%      26%      33%      39%      41%
[画图数据] 03451000 斯旺纳诺阿 典型洪水 起报2024-01-09 09时 锚 5.04
  实测    11.44    15.97    23.30    34.55    45.59    55.50    76.74    98.83   104.77    99.39    92.88    87.22
  预报     9.88    12.60    19.64    34.45    53.05    75.75   104.58   133.94   154.67   160.17   162.34   159.72
  偏差     -14%     -21%     -16%      -0%      16%      36%      36%      36%      48%      61%      75%      83%
[画图数据] 03451000 斯旺纳诺阿 基流 起报2024-09-11 21时 锚 0.69
  实测     0.72     0.72     0.72     0.72     0.69     0.69     0.69     0.69     0.69     0.69     0.69     0.65
  预报     0.73     0.74     0.74     0.75     0.75     0.76     0.76     0.77     0.77     0.78     0.79     0.79
  偏差       1%       2%       3%       4%      10%      11%      12%      12%      13%      14%      15%      22%
[画图数据] 03451000 斯旺纳诺阿 最大洪峰 起报2024-09-26 21时 锚 79.00
  实测    70.51    45.59    53.80    51.82    52.39    70.23    88.91   123.18   123.74   107.60   113.83   136.77
  预报    62.59    51.99    47.67    50.52    55.59    59.81    66.85    77.84    92.73   103.24   115.67   127.37
  偏差     -11%      14%     -11%      -3%       6%     -15%     -25%     -37%     -25%      -4%       2%      -7%
[画图数据] 03451000 斯旺纳诺阿 典型洪水 起报2024-01-09 09时 锚 5.04
  实测     1.90     1.90     1.90     1.90     1.90     1.90     1.95     2.34     3.37     5.04     7.19    11.44
  预报     1.94     1.93     1.92     1.90     1.89     1.87     1.92     2.39     2.85     3.25     3.93     5.28
  偏差       2%       2%       1%       0%      -1%      -2%      -1%       2%     -15%     -36%     -45%     -54%
[画图数据] 03451000 斯旺纳诺阿 基流 起报2024-09-11 21时 锚 0.69
  实测     0.65     0.65     0.65     0.65     0.65     0.65     0.65     0.69     0.69     0.69     0.69     0.65
  预报     0.65     0.65     0.65     0.65     0.65     0.65     0.65     0.65     0.65     0.65     0.65     0.65
  偏差      -0%      -0%      -0%      -0%      -0%      -0%      -0%      -5%      -5%      -5%      -5%      -0%
已写 D:\chengs\CAMS\experiments/forecast_step4\03451000_斯旺纳诺阿.png
[画图数据] 0344878100 霍米尼溪 最大洪峰 起报2024-09-26 09时 锚 61.45
  实测    54.65    53.52    55.78    67.68    77.87    75.32    70.51    64.56    58.33    50.97    51.82    51.54
  预报    63.65    66.24    68.97    72.43    73.33    73.56    73.32    73.23    72.54    70.60    68.81    67.89
  偏差      16%      24%      24%       7%      -6%      -2%       4%      13%      24%      39%      33%      32%
[画图数据] 0344878100 霍米尼溪 典型洪水 起报2023-12-26 09时 锚 20.81
  实测    20.36    21.07    22.34    23.79    25.60    26.79    32.28    32.28    27.10    24.92    23.05    21.12
  预报    21.90    24.07    27.00    30.55    32.32    34.21    34.95    34.47    34.90    32.67    30.90    29.51
  偏差       8%      14%      21%      28%      26%      28%       8%       7%      29%      31%      34%      40%
[画图数据] 0344878100 霍米尼溪 基流 起报2024-09-12 09时 锚 0.76
  实测     0.76     0.75     0.75     0.75     0.75     0.75     0.75     0.75     0.75     0.75     0.75     0.75
  预报     0.73     0.78     0.81     0.87     0.81     0.79     0.80     0.78     0.75     0.79     0.76     0.74
  偏差      -4%       5%       9%      17%       8%       5%       7%       4%       0%       6%       1%      -1%
[画图数据] 0344878100 霍米尼溪 最大洪峰 起报2024-09-26 09时 锚 61.45
  实测    54.65    53.52    55.78    67.68    77.87    75.32    70.51    64.56    58.33    50.97    51.82    51.54
  预报    57.26    55.37    50.81    48.13    41.45    34.90    28.41    26.74    23.02    21.85    21.44    20.53
  偏差       5%       3%      -9%     -29%     -47%     -54%     -60%     -59%     -61%     -57%     -59%     -60%
[画图数据] 0344878100 霍米尼溪 典型洪水 起报2023-12-26 09时 锚 20.81
  实测    20.36    21.07    22.34    23.79    25.60    26.79    32.28    32.28    27.10    24.92    23.05    21.12
  预报    22.39    23.94    25.39    28.95    29.50    27.03    24.69    21.35    19.63    18.03    16.19    15.40
  偏差      10%      14%      14%      22%      15%       1%     -24%     -34%     -28%     -28%     -30%     -27%
[画图数据] 0344878100 霍米尼溪 基流 起报2024-09-12 09时 锚 0.76
  实测     0.76     0.75     0.75     0.75     0.75     0.75     0.75     0.75     0.75     0.75     0.75     0.75
  预报     0.71     0.71     0.70     0.68     0.70     0.69     0.69     0.70     0.72     0.73     0.75     0.78
  偏差      -6%      -5%      -7%      -8%      -7%      -7%      -8%      -6%      -4%      -2%       0%       4%
[画图数据] 0344878100 霍米尼溪 最大洪峰 起报2024-09-26 09时 锚 61.45
  实测    54.65    53.52    55.78    67.68    77.87    75.32    70.51    64.56    58.33    50.97    51.82    51.54
  预报    62.97    67.33    65.60    76.96    68.24    69.92    67.73    70.64    67.90    70.51    61.39    67.67
  偏差      15%      26%      18%      14%     -12%      -7%      -4%       9%      16%      38%      18%      31%
[画图数据] 0344878100 霍米尼溪 典型洪水 起报2023-12-26 09时 锚 20.81
  实测    20.36    21.07    22.34    23.79    25.60    26.79    32.28    32.28    27.10    24.92    23.05    21.12
  预报    20.27    22.20    27.84    35.37    41.78    43.61    45.10    48.04    44.90    43.81    42.26    43.87
  偏差      -0%       5%      25%      49%      63%      63%      40%      49%      66%      76%      83%     108%
[画图数据] 0344878100 霍米尼溪 基流 起报2024-09-12 09时 锚 0.76
  实测     0.76     0.75     0.75     0.75     0.75     0.75     0.75     0.75     0.75     0.75     0.75     0.75
  预报     0.57     0.56     0.60     0.61     0.43     0.66     0.71     0.63     0.47     0.62     0.75     0.59
  偏差     -25%     -25%     -19%     -18%     -43%     -12%      -5%     -16%     -37%     -17%       0%     -21%
[画图数据] 0344878100 霍米尼溪 最大洪峰 起报2024-09-26 09时 锚 61.45
  实测    54.65    53.52    55.78    67.68    77.87    75.32    70.51    64.56    58.33    50.97    51.82    51.54
  预报    61.99    63.33    63.29    69.87    76.67    75.58    82.84    77.20    82.78    79.30    81.68    81.13
  偏差      13%      18%      13%       3%      -2%       0%      17%      20%      42%      56%      58%      57%
[画图数据] 0344878100 霍米尼溪 典型洪水 起报2023-12-26 09时 锚 20.81
  实测    20.36    21.07    22.34    23.79    25.60    26.79    32.28    32.28    27.10    24.92    23.05    21.12
  预报    21.04    23.39    23.80    26.62    32.41    38.30    36.12    37.29    37.87    35.53    33.98    32.94
  偏差       3%      11%       7%      12%      27%      43%      12%      16%      40%      43%      47%      56%
[画图数据] 0344878100 霍米尼溪 基流 起报2024-09-12 09时 锚 0.76
  实测     0.76     0.75     0.75     0.75     0.75     0.75     0.75     0.75     0.75     0.75     0.75     0.75
  预报     0.87     0.76     0.72     0.73     0.89     0.63     0.71     0.82     0.81     0.98     0.85     0.96
  偏差      15%       2%      -4%      -3%      19%     -16%      -4%      10%       8%      31%      14%      28%
[画图数据] 0344878100 霍米尼溪 最大洪峰 起报2024-09-26 09时 锚 61.45
  实测    54.65    53.52    55.78    67.68    77.87    75.32    70.51    64.56    58.33    50.97    51.82    51.54
  预报    66.98    73.25    84.58    93.41    79.20    75.97    76.43    77.07    80.18    81.10    79.49    78.11
  偏差      23%      37%      52%      38%       2%       1%       8%      19%      37%      59%      53%      52%
[画图数据] 0344878100 霍米尼溪 典型洪水 起报2023-12-26 09时 锚 20.81
  实测    20.36    21.07    22.34    23.79    25.60    26.79    32.28    32.28    27.10    24.92    23.05    21.12
  预报    24.51    27.23    29.55    33.95    32.41    33.98    35.34    36.51    37.10    36.35    33.92    33.72
  偏差      20%      29%      32%      43%      27%      27%       9%      13%      37%      46%      47%      60%
[画图数据] 0344878100 霍米尼溪 基流 起报2024-09-12 09时 锚 0.76
  实测     0.76     0.75     0.75     0.75     0.75     0.75     0.75     0.75     0.75     0.75     0.75     0.75
  预报     0.75     0.81     0.81     0.84     0.78     0.79     0.83     0.89     0.86     0.85     0.83     0.78
  偏差      -2%       8%       9%      13%       4%       5%      12%      19%      15%      14%      10%       5%
[画图数据] 0344878100 霍米尼溪 最大洪峰 起报2024-09-26 09时 锚 61.45
  实测     1.50     1.50     1.46     1.42     1.40     1.36     1.35     1.38     2.08     2.28     2.37    17.44
  预报     1.49     1.48     1.47     1.46     1.45     1.44     1.45     1.47     1.49     1.57     4.33     4.76
  偏差      -1%      -1%       1%       3%       4%       6%       8%       6%     -29%     -31%      83%     -73%
[画图数据] 0344878100 霍米尼溪 典型洪水 起报2023-12-26 09时 锚 20.81
  实测    21.07    22.34    23.79    25.60    26.79    32.28    32.28    27.10    24.92    23.05    21.12    18.89
  预报    21.50    23.63    25.01    25.96    27.76    29.72    30.42    29.72    28.15    26.29    24.45    22.79
  偏差       2%       6%       5%       1%       4%      -8%      -6%      10%      13%      14%      16%      21%
[画图数据] 0344878100 霍米尼溪 基流 起报2024-09-12 09时 锚 0.76
  实测     0.75     0.75     0.75     0.75     0.75     0.75     0.75     0.75     0.75     0.75     0.75     0.75
  预报     0.79     0.82     0.85     0.88     0.91     0.94     0.97     1.00     1.03     1.06     1.09     1.12
  偏差       6%      10%      14%      18%      22%      26%      30%      34%      38%      42%      46%      50%
[画图数据] 0344878100 霍米尼溪 最大洪峰 起报2024-09-26 09时 锚 61.45
  实测     1.50     1.50     1.46     1.42     1.40     1.36     1.35     1.38     2.08     2.28     2.37    17.44
  预报     1.57     1.63     1.69     1.75     1.80     1.85     1.91     2.09     2.21     2.36     2.14     8.56
  偏差       5%       9%      16%      23%      28%      36%      42%      51%       6%       4%      -9%     -51%
[画图数据] 0344878100 霍米尼溪 典型洪水 起报2023-12-26 09时 锚 20.81
  实测    21.07    22.34    23.79    25.60    26.79    32.28    32.28    27.10    24.92    23.05    21.12    18.89
  预报    27.32    34.37    36.89    38.19    38.33    38.36    38.92    39.32    39.82    40.21    40.29    39.71
  偏差      30%      54%      55%      49%      43%      19%      21%      45%      60%      74%      91%     110%
[画图数据] 0344878100 霍米尼溪 基流 起报2024-09-12 09时 锚 0.76
  实测     0.75     0.75     0.75     0.75     0.75     0.75     0.75     0.75     0.75     0.75     0.75     0.75
  预报     0.77     0.78     0.78     0.79     0.80     0.80     0.81     0.81     0.81     0.82     0.82     0.83
  偏差       3%       4%       5%       6%       7%       7%       8%       8%       9%      10%      10%      11%
[画图数据] 0344878100 霍米尼溪 最大洪峰 起报2024-09-26 09时 锚 61.45
  实测    57.77    51.82    50.97    44.17    38.23    30.87    32.28    43.32    57.77    61.45    54.65    53.52
  预报    61.67    68.88    71.86    73.63    74.62    74.97    75.48    77.45    80.68    82.98    84.20    86.70
  偏差       7%      33%      41%      67%      95%     143%     134%      79%      40%      35%      54%      62%
[画图数据] 0344878100 霍米尼溪 基流 起报2024-09-12 09时 锚 0.76
  实测     0.76     0.77     0.78     0.78     0.78     0.78     0.78     0.77     0.76     0.76     0.76     0.75
  预报     0.76     0.76     0.76     0.76     0.76     0.76     0.76     0.76     0.76     0.76     0.76     0.76
  偏差      -0%      -2%      -3%      -3%      -3%      -3%      -3%      -2%      -0%      -0%      -0%       1%
已写 D:\chengs\CAMS\experiments/forecast_step4\0344878100_霍米尼溪.png
[画图数据] 03439000 罗斯曼 最大洪峰 起报2024-09-27 09时 锚 186.04
  实测   197.37   206.71   238.43   268.73   302.99   345.47   328.48   267.31   217.47   175.85   155.46   138.47
  预报   184.68   177.88   173.04   174.91   170.32   165.42   160.86   153.04   148.91   140.40   133.36   126.80
  偏差      -6%     -14%     -27%     -35%     -44%     -52%     -51%     -43%     -32%     -20%     -14%      -8%
[画图数据] 03439000 罗斯曼 典型洪水 起报2024-01-09 09时 锚 10.53
  实测    15.32    26.33    45.59    67.11    92.60   122.05   158.29   173.02   185.48   174.15   158.86   141.58
  预报    10.71    11.37    11.44    12.49    13.03    14.23    15.30    17.30    18.80    20.40    21.65    23.18
  偏差     -30%     -57%     -75%     -81%     -86%     -88%     -90%     -90%     -90%     -88%     -86%     -84%
[画图数据] 03439000 罗斯曼 基流 起报2023-11-19 09时 锚 1.52
  实测     1.52     1.52     1.52     1.52     1.52     1.52     1.52     1.52     1.52     1.52     1.52     1.52
  预报     1.56     1.52     1.54     1.60     1.60     1.61     1.58     1.64     1.62     1.61     1.59     1.53
  偏差       3%      -0%       1%       5%       5%       5%       3%       8%       6%       6%       4%       0%
[画图数据] 03439000 罗斯曼 最大洪峰 起报2024-09-27 09时 锚 186.04
  实测   197.37   206.71   238.43   268.73   302.99   345.47   328.48   267.31   217.47   175.85   155.46   138.47
  预报   196.87   211.66   240.23   266.77   281.37   286.15   280.93   244.31   232.35   213.41   191.59   172.10
  偏差      -0%       2%       1%      -1%      -7%     -17%     -14%      -9%       7%      21%      23%      24%
[画图数据] 03439000 罗斯曼 典型洪水 起报2024-01-09 09时 锚 10.53
  实测    15.32    26.33    45.59    67.11    92.60   122.05   158.29   173.02   185.48   174.15   158.86   141.58
  预报    11.50    11.64    11.86    13.34    14.58    17.00    21.04    24.82    29.68    31.71    31.81    35.46
  偏差     -25%     -56%     -74%     -80%     -84%     -86%     -87%     -86%     -84%     -82%     -80%     -75%
[画图数据] 03439000 罗斯曼 基流 起报2023-11-19 09时 锚 1.52
  实测     1.52     1.52     1.52     1.52     1.52     1.52     1.52     1.52     1.52     1.52     1.52     1.52
  预报     1.51     1.52     1.55     1.56     1.54     1.52     1.55     1.53     1.57     1.58     1.55     1.59
  偏差      -1%      -1%       2%       3%       1%       0%       2%       1%       3%       4%       2%       5%
[画图数据] 03439000 罗斯曼 最大洪峰 起报2024-09-27 09时 锚 186.04
  实测   197.37   206.71   238.43   268.73   302.99   345.47   328.48   267.31   217.47   175.85   155.46   138.47
  预报   188.51   189.11   188.69   194.96   187.58   195.36   195.26   191.03   194.81   194.90   194.96   193.48
  偏差      -4%      -9%     -21%     -27%     -38%     -43%     -41%     -29%     -10%      11%      25%      40%
[画图数据] 03439000 罗斯曼 典型洪水 起报2024-01-09 09时 锚 10.53
  实测    15.32    26.33    45.59    67.11    92.60   122.05   158.29   173.02   185.48   174.15   158.86   141.58
  预报    10.24    11.48    12.26    12.85    15.29    17.71    19.85    23.29    24.31    27.30    27.07    26.59
  偏差     -33%     -56%     -73%     -81%     -83%     -85%     -87%     -87%     -87%     -84%     -83%     -81%
[画图数据] 03439000 罗斯曼 基流 起报2023-11-19 09时 锚 1.52
  实测     1.52     1.52     1.52     1.52     1.52     1.52     1.52     1.52     1.52     1.52     1.52     1.52
  预报     1.43     1.56     1.61     1.70     1.53     1.50     1.87     1.91     1.96     2.05     2.06     2.00
  偏差      -6%       2%       6%      12%       0%      -2%      23%      25%      28%      35%      35%      31%
[画图数据] 03439000 罗斯曼 最大洪峰 起报2024-09-27 09时 锚 186.04
  实测   197.37   206.71   238.43   268.73   302.99   345.47   328.48   267.31   217.47   175.85   155.46   138.47
  预报   182.13   184.25   173.61   178.86   176.57   178.20   174.62   186.31   185.70   189.66   186.38   190.46
  偏差      -8%     -11%     -27%     -33%     -42%     -48%     -47%     -30%     -15%       8%      20%      38%
[画图数据] 03439000 罗斯曼 典型洪水 起报2024-01-09 09时 锚 10.53
  实测    15.32    26.33    45.59    67.11    92.60   122.05   158.29   173.02   185.48   174.15   158.86   141.58
  预报     9.47     8.91     7.09     8.36    10.78    16.02    20.19    25.55    29.84    32.84    37.73    37.65
  偏差     -38%     -66%     -84%     -88%     -88%     -87%     -87%     -85%     -84%     -81%     -76%     -73%
[画图数据] 03439000 罗斯曼 基流 起报2023-11-19 09时 锚 1.52
  实测     1.52     1.52     1.52     1.52     1.52     1.52     1.52     1.52     1.52     1.52     1.52     1.52
  预报     1.67     1.33     1.33     1.29     1.28     1.38     1.35     1.53     1.54     1.66     1.60     1.71
  偏差       9%     -13%     -13%     -15%     -16%     -10%     -11%       1%       1%       9%       5%      12%
[画图数据] 03439000 罗斯曼 最大洪峰 起报2024-09-27 09时 锚 186.04
  实测   197.37   206.71   238.43   268.73   302.99   345.47   328.48   267.31   217.47   175.85   155.46   138.47
  预报   185.47   170.57   161.73   158.71   158.63   151.05   144.03   139.28   123.88   119.01   114.21   110.89
  偏差      -6%     -17%     -32%     -41%     -48%     -56%     -56%     -48%     -43%     -32%     -27%     -20%
[画图数据] 03439000 罗斯曼 典型洪水 起报2024-01-09 09时 锚 10.53
  实测    15.32    26.33    45.59    67.11    92.60   122.05   158.29   173.02   185.48   174.15   158.86   141.58
  预报    10.09    10.47    10.24    12.21    12.53    14.00    16.68    19.40    22.25    24.34    24.90    24.22
  偏差     -34%     -60%     -78%     -82%     -86%     -89%     -89%     -89%     -88%     -86%     -84%     -83%
[画图数据] 03439000 罗斯曼 基流 起报2023-11-19 09时 锚 1.52
  实测     1.52     1.52     1.52     1.52     1.52     1.52     1.52     1.52     1.52     1.52     1.52     1.52
  预报     1.53     1.47     1.55     1.61     1.72     1.52     1.60     1.56     1.58     1.52     1.55     1.52
  偏差       1%      -3%       2%       5%      13%      -0%       5%       2%       4%       0%       2%      -0%
[画图数据] 03439000 罗斯曼 最大洪峰 起报2024-09-27 09时 锚 186.04
  实测   206.71   238.43   268.73   302.99   345.47   328.48   267.31   217.47   175.85   155.46   138.47   119.21
  预报   208.52   221.31   238.15   260.14   283.94   303.96   309.37   303.58   292.30   283.01   275.54   266.96
  偏差       1%      -7%     -11%     -14%     -18%      -7%      16%      40%      66%      82%      99%     124%
[画图数据] 03439000 罗斯曼 典型洪水 起报2024-01-09 09时 锚 10.53
  实测    26.33    45.59    67.11    92.60   122.05   158.29   173.02   185.48   174.15   158.86   141.58   116.95
  预报    16.29    17.56    19.02    20.23    21.95    25.22    28.25    32.10    33.04    34.18    33.88    33.41
  偏差     -38%     -61%     -72%     -78%     -82%     -84%     -84%     -83%     -81%     -78%     -76%     -71%
[画图数据] 03439000 罗斯曼 基流 起报2023-11-19 09时 锚 1.52
  实测     1.52     1.52     1.52     1.52     1.52     1.52     1.52     1.52     1.52     1.52     1.52     1.52
  预报     1.54     1.56     1.58     1.60     1.62     1.64     1.66     1.67     1.69     1.71     1.73     1.75
  偏差       1%       2%       4%       5%       6%       7%       9%      10%      11%      12%      14%      15%
[画图数据] 03439000 罗斯曼 最大洪峰 起报2024-09-27 09时 锚 186.04
  实测   206.71   238.43   268.73   302.99   345.47   328.48   267.31   217.47   175.85   155.46   138.47   119.21
  预报   202.94   209.24   216.37   224.02   229.37   232.48   233.37   233.83   234.03   235.05   235.51   234.86
  偏差      -2%     -12%     -19%     -26%     -34%     -29%     -13%       8%      33%      51%      70%      97%
[画图数据] 03439000 罗斯曼 典型洪水 起报2024-01-09 09时 锚 10.53
  实测    26.33    45.59    67.11    92.60   122.05   158.29   173.02   185.48   174.15   158.86   141.58   116.95
  预报    15.68    15.82    17.42    23.41    30.12    38.28    48.13    55.07    59.37    63.25    61.93    59.71
  偏差     -40%     -65%     -74%     -75%     -75%     -76%     -72%     -70%     -66%     -60%     -56%     -49%
[画图数据] 03439000 罗斯曼 基流 起报2023-11-19 09时 锚 1.52
  实测     1.52     1.52     1.52     1.52     1.52     1.52     1.52     1.52     1.52     1.52     1.52     1.52
  预报     1.54     1.55     1.57     1.58     1.59     1.59     1.60     1.61     1.61     1.62     1.63     1.64
  偏差       1%       2%       3%       4%       4%       5%       5%       5%       6%       6%       7%       7%
[画图数据] 03439000 罗斯曼 最大洪峰 起报2024-09-27 09时 锚 186.04
  实测    90.61   118.65   131.96   132.81   139.32   137.90   150.08   155.74   167.07   186.04   197.37   206.71
  预报    79.12    83.17    86.87    90.29    93.76    96.56    98.34    99.58   100.97   102.28   103.35   105.13
  偏差     -13%     -30%     -34%     -32%     -33%     -30%     -34%     -36%     -40%     -45%     -48%     -49%
[画图数据] 03439000 罗斯曼 典型洪水 起报2024-01-09 09时 锚 10.53
  实测     5.01     5.01     4.93     4.93     4.93     5.10     5.64     6.40     8.04    10.53    15.32    26.33
  预报     5.00     4.98     4.96     4.94     4.93     4.91     4.89     4.87     4.88     4.88     4.93     4.99
  偏差      -0%      -1%       1%       0%      -0%      -4%     -13%     -24%     -39%     -54%     -68%     -81%
已写 D:\chengs\CAMS\experiments/forecast_step4\03439000_罗斯曼.png
[画图数据] 03446000 米尔斯河 最大洪峰 起报2024-09-27 09时 锚 134.22
  实测   141.87   159.71   182.93   311.49   436.08   614.48   804.20   736.24   543.68   421.92   254.29   172.45
  预报   138.12   139.66   141.97   149.65   150.56   150.90   150.36   144.47   143.64   136.77   131.27   125.44
  偏差      -3%     -13%     -22%     -52%     -65%     -75%     -81%     -80%     -74%     -68%     -48%     -27%
[画图数据] 03446000 米尔斯河 典型洪水 起报2024-01-09 21时 锚 87.50
  实测    90.05    90.33    79.85    69.38    60.03    49.55    43.61    38.79    35.40    34.55    32.28    30.87
  预报    80.78    72.95    62.83    55.32    48.03    42.21    36.53    33.28    30.25    27.56    25.24    24.38
  偏差     -10%     -19%     -21%     -20%     -20%     -15%     -16%     -14%     -15%     -20%     -22%     -21%
[画图数据] 03446000 米尔斯河 基流 起报2023-11-29 21时 锚 0.87
  实测     0.87     0.87     0.87     0.87     0.87     0.87     0.87     0.87     0.87     0.87     0.87     0.87
  预报     0.88     0.90     0.91     0.97     0.91     0.89     0.89     0.90     0.84     0.88     0.84     0.79
  偏差       0%       3%       4%      11%       4%       1%       1%       3%      -4%       1%      -4%      -9%
[画图数据] 03446000 米尔斯河 最大洪峰 起报2024-09-27 09时 锚 134.22
  实测   141.87   159.71   182.93   311.49   436.08   614.48   804.20   736.24   543.68   421.92   254.29   172.45
  预报   139.46   179.18   218.09   274.31   234.32   176.73   123.24    94.13    75.29    65.56    54.85    49.54
  偏差      -2%      12%      19%     -12%     -46%     -71%     -85%     -87%     -86%     -84%     -78%     -71%
[画图数据] 03446000 米尔斯河 典型洪水 起报2024-01-09 21时 锚 87.50
  实测    90.05    90.33    79.85    69.38    60.03    49.55    43.61    38.79    35.40    34.55    32.28    30.87
  预报    86.33    84.03    78.50    71.07    65.34    56.10    52.49    49.33    47.55    43.55    41.15    40.99
  偏差      -4%      -7%      -2%       2%       9%      13%      20%      27%      34%      26%      27%      33%
[画图数据] 03446000 米尔斯河 基流 起报2023-11-29 21时 锚 0.87
  实测     0.87     0.87     0.87     0.87     0.87     0.87     0.87     0.87     0.87     0.87     0.87     0.87
  预报     0.87     0.86     0.86     0.85     0.86     0.85     0.85     0.85     0.87     0.88     0.89     0.89
  偏差      -1%      -1%      -1%      -3%      -2%      -3%      -3%      -3%      -1%       0%       1%       2%
[画图数据] 03446000 米尔斯河 最大洪峰 起报2024-09-27 09时 锚 134.22
  实测   141.87   159.71   182.93   311.49   436.08   614.48   804.20   736.24   543.68   421.92   254.29   172.45
  预报   133.05   140.66   155.83   178.66   174.63   169.78   173.20   181.58   188.86   188.50   181.02   187.19
  偏差      -6%     -12%     -15%     -43%     -60%     -72%     -78%     -75%     -65%     -55%     -29%       9%
[画图数据] 03446000 米尔斯河 典型洪水 起报2024-01-09 21时 锚 87.50
  实测    90.05    90.33    79.85    69.38    60.03    49.55    43.61    38.79    35.40    34.55    32.28    30.87
  预报    78.44    65.62    62.41    43.96    37.10    41.67    33.56    31.42    25.03    33.75    32.07    32.85
  偏差     -13%     -27%     -22%     -37%     -38%     -16%     -23%     -19%     -29%      -2%      -1%       6%
[画图数据] 03446000 米尔斯河 基流 起报2023-11-29 21时 锚 0.87
  实测     0.87     0.87     0.87     0.87     0.87     0.87     0.87     0.87     0.87     0.87     0.87     0.87
  预报     0.75     0.63     0.76     0.59     0.57     0.65     0.83     0.78     0.99     0.96     1.11     0.90
  偏差     -14%     -28%     -13%     -33%     -34%     -25%      -5%     -11%      13%      10%      27%       3%
[画图数据] 03446000 米尔斯河 最大洪峰 起报2024-09-27 09时 锚 134.22
  实测   141.87   159.71   182.93   311.49   436.08   614.48   804.20   736.24   543.68   421.92   254.29   172.45
  预报   133.54   141.31   137.46   140.94   143.44   143.77   147.21   156.39   166.86   160.98   166.22   169.39
  偏差      -6%     -12%     -25%     -55%     -67%     -77%     -82%     -79%     -69%     -62%     -35%      -2%
[画图数据] 03446000 米尔斯河 典型洪水 起报2024-01-09 21时 锚 87.50
  实测    90.05    90.33    79.85    69.38    60.03    49.55    43.61    38.79    35.40    34.55    32.28    30.87
  预报    82.50    74.44    72.88    62.62    57.09    59.55    53.14    48.88    43.29    41.64    43.58    40.23
  偏差      -8%     -18%      -9%     -10%      -5%      20%      22%      26%      22%      21%      35%      30%
[画图数据] 03446000 米尔斯河 基流 起报2023-11-29 21时 锚 0.87
  实测     0.87     0.87     0.87     0.87     0.87     0.87     0.87     0.87     0.87     0.87     0.87     0.87
  预报     1.02     0.88     0.86     0.83     0.92     0.81     0.85     0.76     0.82     0.95     0.80     0.92
  偏差      17%       0%      -2%      -5%       5%      -7%      -2%     -14%      -6%       8%      -8%       5%
[画图数据] 03446000 米尔斯河 最大洪峰 起报2024-09-27 09时 锚 134.22
  实测   141.87   159.71   182.93   311.49   436.08   614.48   804.20   736.24   543.68   421.92   254.29   172.45
  预报   137.19   146.50   176.93   214.83   183.01   162.08   156.22   152.12   154.79   157.28   147.51   146.10
  偏差      -3%      -8%      -3%     -31%     -58%     -74%     -81%     -79%     -72%     -63%     -42%     -15%
[画图数据] 03446000 米尔斯河 典型洪水 起报2024-01-09 21时 锚 87.50
  实测    90.05    90.33    79.85    69.38    60.03    49.55    43.61    38.79    35.40    34.55    32.28    30.87
  预报    83.99    82.54    75.95    66.96    58.18    51.74    45.80    43.18    44.00    40.50    37.22    33.47
  偏差      -7%      -9%      -5%      -3%      -3%       4%       5%      11%      24%      17%      15%       8%
[画图数据] 03446000 米尔斯河 基流 起报2023-11-29 21时 锚 0.87
  实测     0.87     0.87     0.87     0.87     0.87     0.87     0.87     0.87     0.87     0.87     0.87     0.87
  预报     0.81     0.87     0.87     0.89     0.80     0.78     0.73     0.81     0.77     0.75     0.73     0.71
  偏差      -8%      -1%      -0%       2%      -8%     -11%     -17%      -7%     -12%     -14%     -17%     -19%
[画图数据] 03446000 米尔斯河 最大洪峰 起报2024-09-27 09时 锚 134.22
  实测   159.71   182.93   311.49   436.08   614.48   804.20   736.24   543.68   421.92   254.29   172.45   140.45
  预报   161.19   185.75   213.45   246.28   257.89   285.11   332.61   362.29   380.36   389.54   392.61   388.98
  偏差       1%       2%     -31%     -44%     -58%     -65%     -55%     -33%     -10%      53%     128%     177%
[画图数据] 03446000 米尔斯河 典型洪水 起报2024-01-09 21时 锚 87.50
  实测     8.98    11.98    16.96    23.64    32.00    43.61    62.58    68.53    75.61    82.40    87.50    90.05
  预报     7.05     7.56     8.57    10.93    15.76    25.41    35.36    42.73    44.45    43.86    42.96    43.27
  偏差     -21%     -37%     -49%     -54%     -51%     -42%     -44%     -38%     -41%     -47%     -51%     -52%
[画图数据] 03446000 米尔斯河 基流 起报2023-11-29 21时 锚 0.87
  实测     0.90     0.90     0.90     0.90     0.90     0.87     0.87     0.87     0.87     0.87     0.87     0.87
  预报     0.93     0.95     0.97     1.00     1.02     1.04     1.06     1.09     1.11     1.13     1.15     1.18
  偏差       3%       5%       8%      10%      13%      19%      22%      24%      27%      29%      32%      34%
[画图数据] 03446000 米尔斯河 最大洪峰 起报2024-09-27 09时 锚 134.22
  实测   159.71   182.93   311.49   436.08   614.48   804.20   736.24   543.68   421.92   254.29   172.45   140.45
  预报   146.05   151.25   156.80   162.96   168.67   171.49   174.65   177.64   180.35   182.79   184.98   186.94
  偏差      -9%     -17%     -50%     -63%     -73%     -79%     -76%     -67%     -57%     -28%       7%      33%
[画图数据] 03446000 米尔斯河 典型洪水 起报2024-01-09 21时 锚 87.50
  实测     8.98    11.98    16.96    23.64    32.00    43.61    62.58    68.53    75.61    82.40    87.50    90.05
  预报     7.83     9.02    11.02    16.86    21.50    28.46    37.88    45.20    50.24    53.97    53.64    53.69
  偏差     -13%     -25%     -35%     -29%     -33%     -35%     -39%     -34%     -34%     -35%     -39%     -40%
[画图数据] 03446000 米尔斯河 基流 起报2023-11-29 21时 锚 0.87
  实测     0.90     0.90     0.90     0.90     0.90     0.87     0.87     0.87     0.87     0.87     0.87     0.87
  预报     0.95     1.00     1.05     1.09     1.12     1.16     1.19     1.23     1.26     1.30     1.34     1.38
  偏差       6%      11%      16%      20%      24%      33%      37%      40%      44%      49%      53%      57%
[画图数据] 03446000 米尔斯河 最大洪峰 起报2024-09-27 09时 锚 134.22
  实测    82.97    87.22    96.56   105.62   112.70   119.50   124.03   126.86   129.97   134.22   141.87   159.71
  预报    89.39    92.02    92.68    92.26    90.77    88.13    85.57    83.27    81.21    79.31    77.68    76.20
  偏差       8%       6%      -4%     -13%     -19%     -26%     -31%     -34%     -38%     -41%     -45%     -52%
[画图数据] 03446000 米尔斯河 典型洪水 起报2024-01-09 21时 锚 87.50
  实测    79.85    69.38    60.03    49.55    43.61    38.79    35.40    34.55    32.28    30.87    29.17    27.98
  预报    89.68    88.45    86.19    83.25    80.15    77.41    75.02    72.97    71.28    69.90    68.77    67.85
  偏差      12%      27%      44%      68%      84%     100%     112%     111%     121%     126%     136%     143%
已写 D:\chengs\CAMS\experiments/forecast_step4\03446000_米尔斯河.png
[画图数据] 0344632850 马德溪 最大洪峰 起报2024-01-09 21时 锚 82.40
  实测    99.68   118.08   135.35   147.25   151.50   149.51   142.43   132.52   120.06   107.60    96.56    86.65
  预报    77.95    71.90    62.86    56.62    48.87    43.73    37.79    34.59    31.70    29.21    26.18    24.30
  偏差     -22%     -39%     -54%     -62%     -68%     -71%     -73%     -74%     -74%     -73%     -73%     -72%
[画图数据] 0344632850 马德溪 典型洪水 起报2024-09-25 21时 锚 8.50
  实测     7.93     7.48    14.38    20.33    22.00    23.64    25.46    26.65    28.60    31.71    35.40    38.79
  预报     9.22     9.21    10.25    10.32    13.06    14.36    18.49    19.93    23.52    24.49    27.26    28.58
  偏差      16%      23%     -29%     -49%     -41%     -39%     -27%     -25%     -18%     -23%     -23%     -26%
[画图数据] 0344632850 马德溪 基流 起报2023-10-09 09时 锚 0.53
  实测     0.53     0.53     0.53     0.53     0.53     0.53     0.53     0.53     0.54     0.54     0.54     0.54
  预报     0.48     0.56     0.62     0.73     0.71     0.64     0.64     0.66     0.69     0.76     0.63     0.71
  偏差      -9%       7%      17%      38%      35%      21%      21%      25%      28%      40%      17%      31%
[画图数据] 0344632850 马德溪 最大洪峰 起报2024-01-09 21时 锚 82.40
  实测    99.68   118.08   135.35   147.25   151.50   149.51   142.43   132.52   120.06   107.60    96.56    86.65
  预报    75.24    67.96    65.33    61.49    54.18    47.47    42.35    39.94    36.25    31.61    31.00    29.67
  偏差     -25%     -42%     -52%     -58%     -64%     -68%     -70%     -70%     -70%     -71%     -68%     -66%
[画图数据] 0344632850 马德溪 典型洪水 起报2024-09-25 21时 锚 8.50
  实测     7.93     7.48    14.38    20.33    22.00    23.64    25.46    26.65    28.60    31.71    35.40    38.79
  预报     8.26     8.08     7.64     7.06     6.45     5.49     5.00     4.93     5.10     4.99     5.53     5.67
  偏差       4%       8%     -47%     -65%     -71%     -77%     -80%     -82%     -82%     -84%     -84%     -85%
[画图数据] 0344632850 马德溪 基流 起报2023-10-09 09时 锚 0.53
  实测     0.53     0.53     0.53     0.53     0.53     0.53     0.53     0.53     0.54     0.54     0.54     0.54
  预报     0.52     0.51     0.52     0.53     0.52     0.51     0.52     0.51     0.54     0.56     0.55     0.58
  偏差      -2%      -3%      -1%       0%      -1%      -4%      -1%      -3%      -0%       3%       2%       7%
[画图数据] 0344632850 马德溪 最大洪峰 起报2024-01-09 21时 锚 82.40
  实测    99.68   118.08   135.35   147.25   151.50   149.51   142.43   132.52   120.06   107.60    96.56    86.65
  预报    76.69    68.42    61.83    44.03    37.44    35.64    30.78    31.30    25.57    26.98    26.56    24.88
  偏差     -23%     -42%     -54%     -70%     -75%     -76%     -78%     -76%     -79%     -75%     -72%     -71%
[画图数据] 0344632850 马德溪 典型洪水 起报2024-09-25 21时 锚 8.50
  实测     7.93     7.48    14.38    20.33    22.00    23.64    25.46    26.65    28.60    31.71    35.40    38.79
  预报    10.04     9.53     9.22    15.14    11.73     8.97     3.19     0.00     0.00     0.00     0.00     0.00
  偏差      27%      27%     -36%     -26%     -47%     -62%     -87%    -100%    -100%    -100%    -100%    -100%
[画图数据] 0344632850 马德溪 基流 起报2023-10-09 09时 锚 0.53
  实测     0.53     0.53     0.53     0.53     0.53     0.53     0.53     0.53     0.54     0.54     0.54     0.54
  预报     0.38     0.56     0.54     0.60     0.31     0.36     0.59     0.34     0.18     0.61     0.70     0.62
  偏差     -27%       6%       2%      14%     -41%     -31%      12%     -36%     -66%      13%      30%      14%
[画图数据] 0344632850 马德溪 最大洪峰 起报2024-01-09 21时 锚 82.40
  实测    99.68   118.08   135.35   147.25   151.50   149.51   142.43   132.52   120.06   107.60    96.56    86.65
  预报    91.35    88.41    76.62    73.21    68.23    61.06    63.96    58.60    60.42    53.60    46.91    41.58
  偏差      -8%     -25%     -43%     -50%     -55%     -59%     -55%     -56%     -50%     -50%     -51%     -52%
[画图数据] 0344632850 马德溪 典型洪水 起报2024-09-25 21时 锚 8.50
  实测     7.93     7.48    14.38    20.33    22.00    23.64    25.46    26.65    28.60    31.71    35.40    38.79
  预报     7.52     9.12     6.39     5.34     8.11    11.25    11.74    16.71    21.07    21.00    25.47    24.82
  偏差      -5%      22%     -56%     -74%     -63%     -52%     -54%     -37%     -26%     -34%     -28%     -36%
[画图数据] 0344632850 马德溪 基流 起报2023-10-09 09时 锚 0.53
  实测     0.53     0.53     0.53     0.53     0.53     0.53     0.53     0.53     0.54     0.54     0.54     0.54
  预报     0.49     0.40     0.39     0.34     0.46     0.29     0.37     0.40     0.44     0.59     0.55     0.52
  偏差      -7%     -24%     -25%     -35%     -12%     -45%     -30%     -25%     -18%       9%       2%      -5%
[画图数据] 0344632850 马德溪 最大洪峰 起报2024-01-09 21时 锚 82.40
  实测    99.68   118.08   135.35   147.25   151.50   149.51   142.43   132.52   120.06   107.60    96.56    86.65
  预报    88.90    87.84    94.69   105.27    91.46    78.12    65.38    55.38    53.74    54.86    44.65    43.84
  偏差     -11%     -26%     -30%     -29%     -40%     -48%     -54%     -58%     -55%     -49%     -54%     -49%
[画图数据] 0344632850 马德溪 典型洪水 起报2024-09-25 21时 锚 8.50
  实测     7.93     7.48    14.38    20.33    22.00    23.64    25.46    26.65    28.60    31.71    35.40    38.79
  预报    15.79    27.87    44.16    68.50    72.78    71.20    76.84    75.23    82.08    84.05    73.67    72.50
  偏差      99%     273%     207%     237%     231%     201%     202%     182%     187%     165%     108%      87%
[画图数据] 0344632850 马德溪 基流 起报2023-10-09 09时 锚 0.53
  实测     0.53     0.53     0.53     0.53     0.53     0.53     0.53     0.53     0.54     0.54     0.54     0.54
  预报     0.54     0.56     0.52     0.54     0.51     0.51     0.60     0.64     0.67     0.73     0.73     0.75
  偏差       3%       7%      -0%       2%      -2%      -3%      14%      22%      24%      35%      35%      39%
[画图数据] 0344632850 马德溪 最大洪峰 起报2024-01-09 21时 锚 82.40
  实测    18.92    21.49    23.13    25.85    29.45    33.13    37.94    44.74    54.09    67.11    82.40    99.68
  预报    14.21    14.61    15.76    17.05    19.88    23.94    30.98    35.54    37.33    36.45    35.29    35.71
  偏差     -25%     -32%     -32%     -34%     -33%     -28%     -18%     -21%     -31%     -46%     -57%     -64%
[画图数据] 0344632850 马德溪 基流 起报2023-10-09 09时 锚 0.53
  实测     0.53     0.53     0.53     0.53     0.53     0.53     0.53     0.54     0.54     0.54     0.54     0.56
  预报     0.55     0.58     0.60     0.63     0.65     0.68     0.71     0.74     0.77     0.81     0.85     0.87
  偏差       5%      10%      14%      19%      24%      29%      35%      37%      42%      49%      58%      57%
[画图数据] 0344632850 马德溪 最大洪峰 起报2024-01-09 21时 锚 82.40
  实测    18.92    21.49    23.13    25.85    29.45    33.13    37.94    44.74    54.09    67.11    82.40    99.68
  预报    14.02    14.45    14.91    16.46    17.70    19.00    20.51    21.40    21.82    21.77    21.68    21.68
  偏差     -26%     -33%     -36%     -36%     -40%     -43%     -46%     -52%     -60%     -68%     -74%     -78%
[画图数据] 0344632850 马德溪 基流 起报2023-10-09 09时 锚 0.53
  实测     0.53     0.53     0.53     0.53     0.53     0.53     0.53     0.54     0.54     0.54     0.54     0.56
  预报     0.60     0.67     0.73     0.79     0.84     0.89     0.94     1.04     1.09     1.15     1.26     1.35
  偏差      14%      27%      39%      49%      60%      69%      78%      93%     102%     113%     132%     143%
[画图数据] 0344632850 马德溪 最大洪峰 起报2024-01-09 21时 锚 82.40
  实测   135.35   147.25   151.50   149.51   142.43   132.52   120.06   107.60    96.56    86.65    78.44    71.36
  预报   127.68   130.20   130.45   130.71   130.87   130.23   128.51   126.07   123.55   121.10   119.24   118.01
  偏差      -6%     -12%     -14%     -13%      -8%      -2%       7%      17%      28%      40%      52%      65%
[画图数据] 0344632850 马德溪 典型洪水 起报2024-09-25 21时 锚 8.50
  实测     1.95     2.12     2.46     2.94     3.60     5.35     8.52    11.13    14.61    16.54    16.79    16.71
  预报     1.97     1.94     1.92     1.90     1.87     1.93     2.12     2.24     2.27     2.30     2.31     2.32
  偏差       1%      -8%     -22%     -35%     -48%     -64%     -75%     -80%     -84%     -86%     -86%     -86%
已写 D:\chengs\CAMS\experiments/forecast_step4\0344632850_马德溪.png
[画图数据] 03441000 戴维森河 最大洪峰 起报2024-09-27 09时 锚 167.07
  实测   164.52   185.76   212.09   224.84   275.81   300.16   254.00   171.60   137.34   116.67   102.22    90.05
  预报   164.86   158.18   149.39   149.73   144.62   139.27   134.49   127.62   125.23   117.67   111.07   105.35
  偏差       0%     -15%     -30%     -33%     -48%     -54%     -47%     -26%      -9%       1%       9%      17%
[画图数据] 03441000 戴维森河 典型洪水 起报2024-01-09 09时 锚 4.08
  实测     5.58     9.54    18.38    30.02    46.72    72.49    91.46   103.07   120.35   112.13    97.41    81.55
  预报     4.35     4.90     5.28     6.52     7.44     9.09    10.65    12.31    13.96    14.93    15.42    16.58
  偏差     -22%     -49%     -71%     -78%     -84%     -87%     -88%     -88%     -88%     -87%     -84%     -80%
[画图数据] 03441000 戴维森河 基流 起报2023-11-01 21时 锚 0.71
  实测     0.71     0.71     0.71     0.71     0.71     0.71     0.71     0.71     0.71     0.71     0.71     0.71
  预报     0.74     0.72     0.72     0.78     0.77     0.75     0.73     0.79     0.79     0.77     0.73     0.73
  偏差       4%       1%       0%      10%       8%       5%       3%      11%      11%       8%       2%       2%
[画图数据] 03441000 戴维森河 最大洪峰 起报2024-09-27 09时 锚 167.07
  实测   164.52   185.76   212.09   224.84   275.81   300.16   254.00   171.60   137.34   116.67   102.22    90.05
  预报   210.86   353.26   605.49   924.24   941.53   882.08   735.53   567.43   472.42   383.18   321.33   274.30
  偏差      28%      90%     185%     311%     241%     194%     190%     231%     244%     228%     214%     205%
[画图数据] 03441000 戴维森河 典型洪水 起报2024-01-09 09时 锚 4.08
  实测     5.58     9.54    18.38    30.02    46.72    72.49    91.46   103.07   120.35   112.13    97.41    81.55
  预报     4.58     4.86     5.32     6.19     7.71     9.65    12.79    15.73    19.38    21.22    21.66    23.66
  偏差     -18%     -49%     -71%     -79%     -83%     -87%     -86%     -85%     -84%     -81%     -78%     -71%
[画图数据] 03441000 戴维森河 基流 起报2023-11-01 21时 锚 0.71
  实测     0.71     0.71     0.71     0.71     0.71     0.71     0.71     0.71     0.71     0.71     0.71     0.71
  预报     0.72     0.71     0.73     0.74     0.72     0.71     0.73     0.71     0.74     0.73     0.72     0.75
  偏差       0%      -1%       2%       3%       1%      -0%       2%       0%       3%       3%       1%       5%
[画图数据] 03441000 戴维森河 最大洪峰 起报2024-09-27 09时 锚 167.07
  实测   164.52   185.76   212.09   224.84   275.81   300.16   254.00   171.60   137.34   116.67   102.22    90.05
  预报   166.25   166.26   173.73   181.46   175.90   172.86   175.16   173.56   176.64   175.52   168.72   169.25
  偏差       1%     -10%     -18%     -19%     -36%     -42%     -31%       1%      29%      50%      65%      88%
[画图数据] 03441000 戴维森河 典型洪水 起报2024-01-09 09时 锚 4.08
  实测     5.58     9.54    18.38    30.02    46.72    72.49    91.46   103.07   120.35   112.13    97.41    81.55
  预报     3.16     3.85     4.98     5.21     7.54    10.11    12.29    15.79    16.50    20.13    20.08    19.11
  偏差     -43%     -60%     -73%     -83%     -84%     -86%     -87%     -85%     -86%     -82%     -79%     -77%
[画图数据] 03441000 戴维森河 基流 起报2023-11-01 21时 锚 0.71
  实测     0.71     0.71     0.71     0.71     0.71     0.71     0.71     0.71     0.71     0.71     0.71     0.71
  预报     0.61     0.86     0.91     1.06     0.88     0.92     1.15     1.41     1.34     1.35     1.40     1.30
  偏差     -14%      20%      28%      49%      24%      29%      61%      97%      87%      89%      96%      83%
[画图数据] 03441000 戴维森河 最大洪峰 起报2024-09-27 09时 锚 167.07
  实测   164.52   185.76   212.09   224.84   275.81   300.16   254.00   171.60   137.34   116.67   102.22    90.05
  预报   166.27   170.77   176.85   184.68   176.79   174.59   164.36   169.56   154.39   145.64   140.90   141.24
  偏差       1%      -8%     -17%     -18%     -36%     -42%     -35%      -1%      12%      25%      38%      57%
[画图数据] 03441000 戴维森河 典型洪水 起报2024-01-09 09时 锚 4.08
  实测     5.58     9.54    18.38    30.02    46.72    72.49    91.46   103.07   120.35   112.13    97.41    81.55
  预报     2.84     1.30     0.00     2.23     5.41    12.93    17.74    23.30    29.42    33.63    39.88    40.57
  偏差     -49%     -86%    -100%     -93%     -88%     -82%     -81%     -77%     -76%     -70%     -59%     -50%
[画图数据] 03441000 戴维森河 基流 起报2023-11-01 21时 锚 0.71
  实测     0.71     0.71     0.71     0.71     0.71     0.71     0.71     0.71     0.71     0.71     0.71     0.71
  预报     0.75     0.67     0.59     0.55     0.52     0.46     0.55     0.55     0.55     0.70     0.80     0.87
  偏差       5%      -6%     -18%     -23%     -27%     -36%     -23%     -23%     -23%      -1%      12%      23%
[画图数据] 03441000 戴维森河 最大洪峰 起报2024-09-27 09时 锚 167.07
  实测   164.52   185.76   212.09   224.84   275.81   300.16   254.00   171.60   137.34   116.67   102.22    90.05
  预报   170.36   174.60   200.29   234.82   219.71   198.04   194.08   195.69   183.66   180.47   171.93   171.08
  偏差       4%      -6%      -6%       4%     -20%     -34%     -24%      14%      34%      55%      68%      90%
[画图数据] 03441000 戴维森河 典型洪水 起报2024-01-09 09时 锚 4.08
  实测     5.58     9.54    18.38    30.02    46.72    72.49    91.46   103.07   120.35   112.13    97.41    81.55
  预报     2.00     1.90     1.40     2.20     7.47    13.63    22.63    30.61    40.09    44.86    46.93    44.95
  偏差     -64%     -80%     -92%     -93%     -84%     -81%     -75%     -70%     -67%     -60%     -52%     -45%
[画图数据] 03441000 戴维森河 基流 起报2023-11-01 21时 锚 0.71
  实测     0.71     0.71     0.71     0.71     0.71     0.71     0.71     0.71     0.71     0.71     0.71     0.71
  预报     0.61     0.61     0.64     0.56     0.65     0.58     0.48     0.54     0.56     0.48     0.57     0.47
  偏差     -14%     -14%     -10%     -21%      -9%     -19%     -33%     -25%     -21%     -33%     -20%     -34%
[画图数据] 03441000 戴维森河 最大洪峰 起报2024-09-27 09时 锚 167.07
  实测   185.76   212.09   224.84   275.81   300.16   254.00   171.60   137.34   116.67   102.22    90.05    81.27
  预报   175.57   189.90   209.94   237.59   264.56   296.95   322.76   329.62   321.02   304.61   289.56   272.60
  偏差      -5%     -10%      -7%     -14%     -12%      17%      88%     140%     175%     198%     222%     235%
[画图数据] 03441000 戴维森河 典型洪水 起报2024-01-09 09时 锚 4.08
  实测     9.54    18.38    30.02    46.72    72.49    91.46   103.07   120.35   112.13    97.41    81.55    67.96
  预报     5.76     6.05     7.17     8.42    10.66    16.29    23.84    27.06    28.00    28.68    28.66    28.35
  偏差     -40%     -67%     -76%     -82%     -85%     -82%     -77%     -78%     -75%     -71%     -65%     -58%
[画图数据] 03441000 戴维森河 基流 起报2023-11-01 21时 锚 0.71
  实测     0.75     0.75     0.75     0.75     0.71     0.71     0.71     0.71     0.71     0.71     0.71     0.71
  预报     0.77     0.80     0.83     0.85     0.88     0.91     0.93     0.96     0.98     1.01     1.03     1.06
  偏差       4%       7%      11%      14%      23%      27%      31%      34%      38%      41%      45%      48%
[画图数据] 03441000 戴维森河 最大洪峰 起报2024-09-27 09时 锚 167.07
  实测   185.76   212.09   224.84   275.81   300.16   254.00   171.60   137.34   116.67   102.22    90.05    81.27
  预报   169.69   175.08   180.58   186.80   191.93   194.86   197.87   200.57   202.73   204.67   206.43   208.04
  偏差      -9%     -17%     -20%     -32%     -36%     -23%      15%      46%      74%     100%     129%     156%
[画图数据] 03441000 戴维森河 典型洪水 起报2024-01-09 09时 锚 4.08
  实测     9.54    18.38    30.02    46.72    72.49    91.46   103.07   120.35   112.13    97.41    81.55    67.96
  预报     5.97     6.11     6.53    11.20    15.13    17.94    22.78    25.34    26.21    26.69    25.72    24.93
  偏差     -37%     -67%     -78%     -76%     -79%     -80%     -78%     -79%     -77%     -73%     -68%     -63%
[画图数据] 03441000 戴维森河 基流 起报2023-11-01 21时 锚 0.71
  实测     0.75     0.75     0.75     0.75     0.71     0.71     0.71     0.71     0.71     0.71     0.71     0.71
  预报     0.76     0.76     0.77     0.78     0.78     0.79     0.80     0.80     0.81     0.81     0.82     0.83
  偏差       1%       2%       3%       4%      10%      11%      11%      12%      13%      14%      15%      16%
[画图数据] 03441000 戴维森河 最大洪峰 起报2024-09-27 09时 锚 167.07
  实测    94.86   124.31   126.29   141.58   140.45   128.28   127.43   124.88   154.89   167.07   164.52   185.76
  预报    85.35    88.27    89.48    89.74    89.18    87.47    84.88    82.41    80.13    78.01    76.18    74.44
  偏差     -10%     -29%     -29%     -37%     -37%     -32%     -33%     -34%     -48%     -53%     -54%     -60%
[画图数据] 03441000 戴维森河 典型洪水 起报2024-01-09 09时 锚 4.08
  实测     2.74     2.74     2.74     2.74     2.74     2.74     2.86     3.03     3.43     4.08     5.58     9.54
  预报     2.73     2.73     2.72     2.71     2.70     2.69     2.68     2.72     2.79     2.81     2.86     2.93
  偏差      -0%      -1%      -1%      -1%      -2%      -2%      -6%     -10%     -19%     -31%     -49%     -69%
已写 D:\chengs\CAMS\experiments/forecast_step4\03441000_戴维森河.png
[画图数据] 0344894205 北叉斯旺纳诺阿 最大洪峰 起报2024-09-26 21时 锚 21.72
  实测    23.33    25.57    26.31    26.31    32.56    39.08    48.14    54.09    48.14    72.21    70.51    87.78
  预报    24.33    27.64    31.38    36.09    38.64    40.54    42.40    44.00    44.39    43.54    43.11    42.78
  偏差       4%       8%      19%      37%      19%       4%     -12%     -19%      -8%     -40%     -39%     -51%
[画图数据] 0344894205 北叉斯旺纳诺阿 典型洪水 起报2024-01-09 09时 锚 0.75
  实测     0.83     0.97     1.20     1.65     2.89     7.11    14.84    17.75    22.06    23.59    24.30    21.52
  预报     1.43     2.10     3.55     5.17     6.70     8.50    10.44    12.03    13.57    14.59    15.23    16.09
  偏差      72%     118%     196%     213%     132%      20%     -30%     -32%     -38%     -38%     -37%     -25%
[画图数据] 0344894205 北叉斯旺纳诺阿 基流 起报2024-09-11 21时 锚 0.05
  实测     0.05     0.05     0.05     0.05     0.05     0.05     0.05     0.05     0.05     0.05     0.05     0.05
  预报     0.05     0.04     0.05     0.06     0.07     0.05     0.05     0.06     0.06     0.04     0.04     0.03
  偏差       0%     -14%       5%      24%      39%       5%      -6%      30%      15%     -26%     -19%     -38%
[画图数据] 0344894205 北叉斯旺纳诺阿 最大洪峰 起报2024-09-26 21时 锚 21.72
  实测    23.33    25.57    26.31    26.31    32.56    39.08    48.14    54.09    48.14    72.21    70.51    87.78
  预报    20.88    21.40    20.67    16.79    14.69    11.56    10.33    10.23    10.63    10.77    11.71    13.09
  偏差     -11%     -16%     -21%     -36%     -55%     -70%     -79%     -81%     -78%     -85%     -83%     -85%
[画图数据] 0344894205 北叉斯旺纳诺阿 典型洪水 起报2024-01-09 09时 锚 0.75
  实测     0.83     0.97     1.20     1.65     2.89     7.11    14.84    17.75    22.06    23.59    24.30    21.52
  预报     1.09     1.46     1.76     2.11     2.99     4.23     6.86    10.63    17.22    23.65    26.84    27.36
  偏差      32%      51%      47%      28%       4%     -41%     -54%     -40%     -22%       0%      10%      27%
[画图数据] 0344894205 北叉斯旺纳诺阿 基流 起报2024-09-11 21时 锚 0.05
  实测     0.05     0.05     0.05     0.05     0.05     0.05     0.05     0.05     0.05     0.05     0.05     0.05
  预报     0.05     0.05     0.05     0.06     0.06     0.05     0.06     0.05     0.06     0.06     0.06     0.06
  偏差       4%       1%       7%      13%      15%       5%      11%       9%      18%      13%      14%      14%
[画图数据] 0344894205 北叉斯旺纳诺阿 最大洪峰 起报2024-09-26 21时 锚 21.72
  实测    23.33    25.57    26.31    26.31    32.56    39.08    48.14    54.09    48.14    72.21    70.51    87.78
  预报    16.53    25.07    29.46    35.39    34.77    16.14    19.63    13.95     9.76    15.94     1.65     3.80
  偏差     -29%      -2%      12%      35%       7%     -59%     -59%     -74%     -80%     -78%     -98%     -96%
[画图数据] 0344894205 北叉斯旺纳诺阿 典型洪水 起报2024-01-09 09时 锚 0.75
  实测     0.83     0.97     1.20     1.65     2.89     7.11    14.84    17.75    22.06    23.59    24.30    21.52
  预报     2.42     4.76     1.11     0.00     0.00     0.00     0.00     8.35    20.02    27.32    35.14    35.37
  偏差     192%     393%      -7%    -100%    -100%    -100%    -100%     -53%      -9%      16%      45%      64%
[画图数据] 0344894205 北叉斯旺纳诺阿 基流 起报2024-09-11 21时 锚 0.05
  实测     0.05     0.05     0.05     0.05     0.05     0.05     0.05     0.05     0.05     0.05     0.05     0.05
  预报     0.00     0.00     0.00     0.01     0.12     0.15     0.36     0.45     0.55     0.49     0.51     0.42
  偏差    -100%    -100%    -100%     -80%     131%     203%     624%     794%    1007%     889%     928%     734%
[画图数据] 0344894205 北叉斯旺纳诺阿 最大洪峰 起报2024-09-26 21时 锚 21.72
  实测    23.33    25.57    26.31    26.31    32.56    39.08    48.14    54.09    48.14    72.21    70.51    87.78
  预报    23.50    28.42    35.56    37.95    22.22    15.22     8.90    12.85    18.93    26.56    30.99    31.57
  偏差       1%      11%      35%      44%     -32%     -61%     -82%     -76%     -61%     -63%     -56%     -64%
[画图数据] 0344894205 北叉斯旺纳诺阿 典型洪水 起报2024-01-09 09时 锚 0.75
  实测     0.83     0.97     1.20     1.65     2.89     7.11    14.84    17.75    22.06    23.59    24.30    21.52
  预报     1.76     4.21     3.80     5.92    11.58    20.21    32.45    49.51    65.06    77.32    96.65    97.08
  偏差     112%     336%     217%     258%     301%     184%     119%     179%     195%     228%     298%     351%
[画图数据] 0344894205 北叉斯旺纳诺阿 基流 起报2024-09-11 21时 锚 0.05
  实测     0.05     0.05     0.05     0.05     0.05     0.05     0.05     0.05     0.05     0.05     0.05     0.05
  预报     0.16     0.00     0.00     0.00     0.00     0.00     0.00     0.00     0.00     0.00     0.00     0.00
  偏差     216%    -100%    -100%    -100%    -100%    -100%    -100%    -100%    -100%    -100%    -100%    -100%
[画图数据] 0344894205 北叉斯旺纳诺阿 最大洪峰 起报2024-09-26 21时 锚 21.72
  实测    23.33    25.57    26.31    26.31    32.56    39.08    48.14    54.09    48.14    72.21    70.51    87.78
  预报    25.34    26.33    25.40    26.33    17.99    18.05    17.62    20.04    23.45    27.38    38.02    37.65
  偏差       9%       3%      -3%       0%     -45%     -54%     -63%     -63%     -51%     -62%     -46%     -57%
[画图数据] 0344894205 北叉斯旺纳诺阿 典型洪水 起报2024-01-09 09时 锚 0.75
  实测     0.83     0.97     1.20     1.65     2.89     7.11    14.84    17.75    22.06    23.59    24.30    21.52
  预报     3.85     5.15     4.68     2.04     4.37     6.68    10.01    14.98    25.43    27.90    26.02    21.68
  偏差     364%     433%     291%      24%      51%      -6%     -33%     -16%      15%      18%       7%       1%
[画图数据] 0344894205 北叉斯旺纳诺阿 基流 起报2024-09-11 21时 锚 0.05
  实测     0.05     0.05     0.05     0.05     0.05     0.05     0.05     0.05     0.05     0.05     0.05     0.05
  预报     0.03     0.03     0.04     0.03     0.02     0.04     0.01     0.02     0.04     0.00     0.01     0.00
  偏差     -37%     -31%     -16%     -34%     -57%     -25%     -82%     -64%     -11%    -100%     -87%    -100%
[画图数据] 0344894205 北叉斯旺纳诺阿 最大洪峰 起报2024-09-26 21时 锚 21.72
  实测    23.59    25.43    24.44    24.72    23.73    20.30    17.78    15.57    15.06    17.22    21.72    23.33
  预报    20.30    18.60    17.62    14.60    10.23     5.36     0.96     0.00     0.00     0.00     0.00     0.00
  偏差     -14%     -27%     -28%     -41%     -57%     -74%     -95%    -100%    -100%    -100%    -100%    -100%
[画图数据] 0344894205 北叉斯旺纳诺阿 典型洪水 起报2024-01-09 09时 锚 0.75
  实测     0.97     1.20     1.65     2.89     7.11    14.84    17.75    22.06    23.59    24.30    21.52    16.82
  预报     2.52     5.47    10.17    23.70    38.43    41.89    44.79    43.69    44.95    48.94    45.33    40.63
  偏差     161%     357%     515%     720%     441%     182%     152%      98%      91%     101%     111%     142%
[画图数据] 0344894205 北叉斯旺纳诺阿 基流 起报2024-09-11 21时 锚 0.05
  实测     0.05     0.05     0.05     0.05     0.05     0.05     0.05     0.05     0.05     0.05     0.05     0.05
  预报     0.06     0.06     0.06     0.07     0.07     0.07     0.08     0.08     0.09     0.09     0.09     0.10
  偏差       7%      14%      21%      28%      34%      41%      48%      55%      72%      80%      87%      94%
[画图数据] 0344894205 北叉斯旺纳诺阿 最大洪峰 起报2024-09-26 21时 锚 21.72
  实测    23.59    25.43    24.44    24.72    23.73    20.30    17.78    15.57    15.06    17.22    21.72    23.33
  预报    44.88    51.37    50.70    45.79    40.27    34.78    28.89    24.68    22.73    24.31    23.68    24.19
  偏差      90%     102%     107%      85%      70%      71%      62%      58%      51%      41%       9%       4%
[画图数据] 0344894205 北叉斯旺纳诺阿 典型洪水 起报2024-01-09 09时 锚 0.75
  实测     0.97     1.20     1.65     2.89     7.11    14.84    17.75    22.06    23.59    24.30    21.52    16.82
  预报     2.91     4.76     7.52    14.07    23.21    31.54    37.16    45.49    51.49    41.50    35.40    32.32
  偏差     201%     297%     355%     387%     227%     113%     109%     106%     118%      71%      64%      92%
[画图数据] 0344894205 北叉斯旺纳诺阿 基流 起报2024-09-11 21时 锚 0.05
  实测     0.05     0.05     0.05     0.05     0.05     0.05     0.05     0.05     0.05     0.05     0.05     0.05
  预报     0.07     0.08     0.09     0.10     0.11     0.12     0.13     0.14     0.15     0.16     0.17     0.18
  偏差      25%      49%      71%      92%     111%     129%     147%     164%     199%     218%     238%     257%
[画图数据] 0344894205 北叉斯旺纳诺阿 最大洪峰 起报2024-09-26 21时 锚 21.72
  实测     0.83    13.08    19.31    19.09    22.00    18.72    16.23    16.54    20.30    24.44    23.73    23.59
  预报     1.78     4.00     6.66     9.60    12.31    14.34    16.17    18.00    20.30    22.66    24.53    26.98
  偏差     115%     -69%     -66%     -50%     -44%     -23%      -0%       9%      -0%      -7%       3%      14%
[画图数据] 0344894205 北叉斯旺纳诺阿 典型洪水 起报2024-01-09 09时 锚 0.75
  实测     0.67     0.67     0.67     0.67     0.67     0.65     0.67     0.67     0.71     0.75     0.83     0.97
  预报     0.66     0.64     0.63     0.61     0.59     0.58     0.57     0.67     0.94     1.33     2.15     3.25
  偏差      -2%      -4%      -7%      -9%     -11%     -12%     -15%      -1%      33%      78%     159%     237%
[画图数据] 0344894205 北叉斯旺纳诺阿 基流 起报2024-09-11 21时 锚 0.05
  实测     0.05     0.05     0.05     0.05     0.05     0.05     0.05     0.05     0.05     0.05     0.05     0.05
  预报     0.05     0.05     0.05     0.06     0.06     0.06     0.06     0.06     0.06     0.06     0.06     0.07
  偏差       2%       5%       8%      11%      14%      16%      19%      22%      25%      28%      30%      25%
已写 D:\chengs\CAMS\experiments/forecast_step4\0344894205_北叉斯旺纳诺阿.png
[画图数据] 03450000 比特里溪 最大洪峰 起报2024-09-26 21时 锚 3.82
  实测     4.02     4.36     5.35     5.24     5.78     8.04    10.53    10.76     9.34    11.33    15.80    22.74
  预报     4.15     4.80     5.63     6.62     7.14     7.92     8.50     9.15     9.49     9.66     9.76    10.02
  偏差       3%      10%       5%      26%      24%      -1%     -19%     -15%       2%     -15%     -38%     -56%
[画图数据] 03450000 比特里溪 典型洪水 起报2024-01-09 09时 锚 0.23
  实测     0.28     0.35     0.51     0.91     1.47     2.41     3.34     4.08     5.35     5.55     4.79     4.36
  预报     0.34     0.44     0.75     1.05     1.49     1.95     2.56     3.01     3.55     3.84     4.12     4.39
  偏差      20%      25%      47%      15%       1%     -19%     -23%     -26%     -34%     -31%     -14%       1%
[画图数据] 03450000 比特里溪 基流 起报2024-09-12 09时 锚 0.03
  实测     0.03     0.03     0.03     0.03     0.03     0.03     0.03     0.03     0.03     0.03     0.03     0.03
  预报     0.03     0.03     0.03     0.03     0.03     0.02     0.02     0.02     0.02     0.01     0.01     0.01
  偏差       5%      -6%      -7%      14%      -0%     -27%     -29%     -19%     -43%     -58%     -56%     -78%
[画图数据] 03450000 比特里溪 最大洪峰 起报2024-09-26 21时 锚 3.82
  实测     4.02     4.36     5.35     5.24     5.78     8.04    10.53    10.76     9.34    11.33    15.80    22.74
  预报     4.29     4.67     5.11     5.38     5.75     6.00     6.50     7.18     7.91     8.26     8.66     9.20
  偏差       7%       7%      -5%       3%      -0%     -25%     -38%     -33%     -15%     -27%     -45%     -60%
[画图数据] 03450000 比特里溪 典型洪水 起报2024-01-09 09时 锚 0.23
  实测     0.28     0.35     0.51     0.91     1.47     2.41     3.34     4.08     5.35     5.55     4.79     4.36
  预报     0.29     0.37     0.42     0.48     0.65     0.83     1.17     1.60     2.18     2.68     2.88     2.99
  偏差       2%       4%     -17%     -47%     -56%     -65%     -65%     -61%     -59%     -52%     -40%     -31%
[画图数据] 03450000 比特里溪 基流 起报2024-09-12 09时 锚 0.03
  实测     0.03     0.03     0.03     0.03     0.03     0.03     0.03     0.03     0.03     0.03     0.03     0.03
  预报     0.02     0.03     0.03     0.03     0.03     0.02     0.03     0.03     0.03     0.03     0.03     0.03
  偏差     -11%       1%       3%      -1%       2%     -10%      -8%       2%       0%       2%       5%      -1%
[画图数据] 03450000 比特里溪 最大洪峰 起报2024-09-26 21时 锚 3.82
  实测     4.02     4.36     5.35     5.24     5.78     8.04    10.53    10.76     9.34    11.33    15.80    22.74
  预报     1.31     9.24    13.99    18.20    15.57     5.02     4.30     0.29     0.00     0.00     0.00     0.00
  偏差     -68%     112%     161%     247%     170%     -38%     -59%     -97%    -100%    -100%    -100%    -100%
[画图数据] 03450000 比特里溪 典型洪水 起报2024-01-09 09时 锚 0.23
  实测     0.28     0.35     0.51     0.91     1.47     2.41     3.34     4.08     5.35     5.55     4.79     4.36
  预报     0.00     0.00     0.00     0.00     0.00     0.00     0.00     5.18    21.52    31.71    44.74    48.80
  偏差    -100%    -100%    -100%    -100%    -100%    -100%    -100%      27%     302%     471%     835%    1019%
[画图数据] 03450000 比特里溪 基流 起报2024-09-12 09时 锚 0.03
  实测     0.03     0.03     0.03     0.03     0.03     0.03     0.03     0.03     0.03     0.03     0.03     0.03
  预报     0.00     0.02     0.13     0.11     0.13     0.05     0.20     0.16     0.34     0.27     0.26     0.08
  偏差    -100%     -12%     360%     292%     375%      74%     622%     483%    1153%     880%     863%     193%
[画图数据] 03450000 比特里溪 最大洪峰 起报2024-09-26 21时 锚 3.82
  实测     4.02     4.36     5.35     5.24     5.78     8.04    10.53    10.76     9.34    11.33    15.80    22.74
  预报     7.56     7.76     9.45     9.35     7.30     3.93     3.50     5.48     8.19    16.42    14.72    15.00
  偏差      88%      78%      77%      78%      26%     -51%     -67%     -49%     -12%      45%      -7%     -34%
[画图数据] 03450000 比特里溪 典型洪水 起报2024-01-09 09时 锚 0.23
  实测     0.28     0.35     0.51     0.91     1.47     2.41     3.34     4.08     5.35     5.55     4.79     4.36
  预报     1.57     1.00     0.00     0.00     0.00     0.00     0.71     7.51    13.67    21.31    27.56    30.63
  偏差     456%     183%    -100%    -100%    -100%    -100%     -79%      84%     156%     284%     476%     602%
[画图数据] 03450000 比特里溪 基流 起报2024-09-12 09时 锚 0.03
  实测     0.03     0.03     0.03     0.03     0.03     0.03     0.03     0.03     0.03     0.03     0.03     0.03
  预报     0.12     0.00     0.00     0.00     0.00     0.00     0.00     0.00     0.00     0.00     0.00     0.00
  偏差     321%    -100%    -100%    -100%    -100%    -100%    -100%    -100%    -100%    -100%    -100%    -100%
[画图数据] 03450000 比特里溪 最大洪峰 起报2024-09-26 21时 锚 3.82
  实测     4.02     4.36     5.35     5.24     5.78     8.04    10.53    10.76     9.34    11.33    15.80    22.74
  预报     5.02     4.46     1.74     2.20     1.94     1.20     0.00     0.00     0.00     4.25    11.94    18.47
  偏差      25%       2%     -67%     -58%     -66%     -85%    -100%    -100%    -100%     -62%     -24%     -19%
[画图数据] 03450000 比特里溪 典型洪水 起报2024-01-09 09时 锚 0.23
  实测     0.28     0.35     0.51     0.91     1.47     2.41     3.34     4.08     5.35     5.55     4.79     4.36
  预报     0.00     0.00     0.75     0.00     0.19     0.00     0.00     0.60     5.01     4.62     4.30     2.71
  偏差    -100%    -100%      46%    -100%     -87%    -100%    -100%     -85%      -6%     -17%     -10%     -38%
[画图数据] 03450000 比特里溪 基流 起报2024-09-12 09时 锚 0.03
  实测     0.03     0.03     0.03     0.03     0.03     0.03     0.03     0.03     0.03     0.03     0.03     0.03
  预报     0.03     0.02     0.01     0.00     0.00     0.02     0.00     0.00     0.00     0.00     0.00     0.00
  偏差      15%     -45%     -60%     -93%    -100%     -27%    -100%    -100%    -100%    -100%    -100%    -100%
[画图数据] 03450000 比特里溪 最大洪峰 起报2024-09-26 21时 锚 3.82
  实测     4.84     4.98     4.62     5.97     6.26     4.56     4.08     3.65     3.34     3.45     3.82     4.02
  预报     0.00     0.00     0.00     0.00     0.00     0.00     0.00     0.00     0.00     0.00     0.00     0.00
  偏差    -100%    -100%    -100%    -100%    -100%    -100%    -100%    -100%    -100%    -100%    -100%    -100%
[画图数据] 03450000 比特里溪 典型洪水 起报2024-01-09 09时 锚 0.23
  实测     0.35     0.51     0.91     1.47     2.41     3.34     4.08     5.35     5.55     4.79     4.36     3.48
  预报     1.03     2.29     4.94    13.19    27.27    29.03    31.38    30.18    30.55    32.30    30.63    28.08
  偏差     192%     347%     445%     797%    1033%     769%     670%     464%     450%     575%     602%     706%
[画图数据] 03450000 比特里溪 基流 起报2024-09-12 09时 锚 0.03
  实测     0.03     0.03     0.03     0.03     0.03     0.03     0.03     0.03     0.03     0.03     0.03     0.03
  预报     0.03     0.04     0.04     0.05     0.05     0.06     0.06     0.07     0.07     0.07     0.08     0.08
  偏差      17%      35%      52%      69%      87%     105%     122%     139%     156%     173%     190%     207%
[画图数据] 03450000 比特里溪 最大洪峰 起报2024-09-26 21时 锚 3.82
  实测     4.84     4.98     4.62     5.97     6.26     4.56     4.08     3.65     3.34     3.45     3.82     4.02
  预报     9.31    10.25    10.18    10.72    10.51     9.78     9.02     8.30     9.18    11.35    13.30    15.50
  偏差      92%     106%     121%      79%      68%     114%     121%     127%     175%     229%     248%     286%
[画图数据] 03450000 比特里溪 典型洪水 起报2024-01-09 09时 锚 0.23
  实测     0.35     0.51     0.91     1.47     2.41     3.34     4.08     5.35     5.55     4.79     4.36     3.48
  预报     0.72     1.25     1.98     2.95     4.25     5.82     7.90    10.32    12.14    11.52    10.21     8.95
  偏差     104%     144%     118%     101%      77%      74%      94%      93%     119%     141%     134%     157%
[画图数据] 03450000 比特里溪 基流 起报2024-09-12 09时 锚 0.03
  实测     0.03     0.03     0.03     0.03     0.03     0.03     0.03     0.03     0.03     0.03     0.03     0.03
  预报     0.04     0.05     0.07     0.08     0.09     0.10     0.11     0.12     0.12     0.13     0.14     0.15
  偏差      50%      97%     140%     180%     218%     253%     287%     321%     355%     390%     426%     463%
[画图数据] 03450000 比特里溪 最大洪峰 起报2024-09-26 21时 锚 3.82
  实测     0.27     0.49     1.05     1.57     1.75     1.94     2.00     2.25     2.73     2.97     4.02     4.84
  预报     0.26     0.25     0.28     0.11     0.01     0.00     0.00     0.00     0.00     0.00     0.00     0.00
  偏差      -0%     -49%     -73%     -93%    -100%    -100%    -100%    -100%    -100%    -100%    -100%    -100%
[画图数据] 03450000 比特里溪 典型洪水 起报2024-01-09 09时 锚 0.23
  实测     0.19     0.19     0.19     0.19     0.19     0.19     0.19     0.19     0.21     0.23     0.28     0.35
  预报     0.19     0.19     0.19     0.19     0.19     0.19     0.20     0.22     0.20     0.18     0.16     0.17
  偏差      -0%      -0%      -0%      -1%      -1%      -1%       2%      14%      -4%     -25%     -44%     -53%
[画图数据] 03450000 比特里溪 基流 起报2024-09-12 09时 锚 0.03
  实测     0.03     0.03     0.03     0.03     0.03     0.03     0.03     0.03     0.03     0.03     0.03     0.03
  预报     0.03     0.03     0.03     0.04     0.04     0.04     0.04     0.04     0.04     0.04     0.05     0.05
  偏差       4%       9%      13%      18%      34%      40%      45%      50%      55%      61%      66%      71%
已写 D:\chengs\CAMS\experiments/forecast_step4\03450000_比特里溪.png
